SystemCodeNumber,Capacity,Occupancy,IsSpecialDay,QueueLength,Timestamp,OccupancyRate,VehicleType_bike,VehicleType_car,VehicleType_cycle,VehicleType_truck,TrafficLevel,DayOfWeek
BHMBCCMKT01,577,61,0,2,2016-10-04 07:59:42,0.10571923743500866,0,1,0,0,0,1
BHMBCCMKT01,577,64,0,2,2016-10-04 08:25:42,0.11091854419410745,0,1,0,0,1,1
BHMBCCMKT01,577,80,0,2,2016-10-04 08:59:42,0.1386481802426343,0,1,0,0,0,1
BHMBCCMKT01,577,107,0,3,2016-10-04 09:32:46,0.1854419410745234,0,1,0,0,0,1
BHMBCCMKT01,577,150,0,3,2016-10-04 09:59:48,0.25996533795493937,0,1,0,0,0,1
BHMBCCMKT01,577,177,0,4,2016-10-04 10:26:49,0.30675909878682844,0,1,0,0,0,1
BHMBCCMKT01,577,219,0,6,2016-10-04 10:59:48,0.37954939341421146,1,0,0,0,1,1
BHMBCCMKT01,577,247,0,7,2016-10-04 11:25:47,0.42807625649913345,0,1,0,0,1,1
BHMBCCMKT01,577,259,0,6,2016-10-04 11:59:44,0.4488734835355286,0,1,0,0,1,1
BHMBCCMKT01,577,266,0,10,2016-10-04 12:29:45,0.4610051993067591,1,0,0,0,2,1
BHMBCCMKT01,577,269,0,9,2016-10-04 13:02:48,0.4662045060658579,0,1,0,0,2,1
BHMBCCMKT01,577,263,0,9,2016-10-04 13:29:45,0.4558058925476603,0,1,0,0,2,1
BHMBCCMKT01,577,238,0,5,2016-10-04 14:02:47,0.4124783362218371,0,1,0,0,1,1
BHMBCCMKT01,577,215,0,4,2016-10-04 14:29:49,0.37261698440207974,0,1,0,0,1,1
BHMBCCMKT01,577,192,0,4,2016-10-04 14:57:13,0.3327556325823224,0,1,0,0,1,1
BHMBCCMKT01,577,165,0,3,2016-10-04 15:30:14,0.28596187175043325,0,0,1,0,1,1
BHMBCCMKT01,577,162,0,2,2016-10-04 16:04:12,0.2807625649913345,0,1,0,0,0,1
BHMBCCMKT01,577,143,0,2,2016-10-04 16:31:14,0.24783362218370883,0,1,0,0,0,1
BHMBCCMKT01,577,54,0,1,2016-10-05 07:57:17,0.09358752166377816,0,0,1,0,0,2
BHMBCCMKT01,577,59,0,2,2016-10-05 08:30:15,0.1022530329289428,1,0,0,0,1,2
BHMBCCMKT01,577,71,0,3,2016-10-05 09:04:19,0.12305025996533796,0,1,0,0,0,2
BHMBCCMKT01,577,83,0,2,2016-10-05 09:30:15,0.1438474870017331,1,0,0,0,0,2
BHMBCCMKT01,577,114,0,3,2016-10-05 10:04:15,0.1975736568457539,0,1,0,0,0,2
BHMBCCMKT01,577,128,0,4,2016-10-05 10:30:17,0.2218370883882149,1,0,0,0,1,2
BHMBCCMKT01,577,148,0,6,2016-10-05 11:04:19,0.2564991334488735,0,0,1,0,1,2
BHMBCCMKT01,577,162,0,6,2016-10-05 11:30:18,0.2807625649913345,1,0,0,0,1,2
BHMBCCMKT01,577,178,0,9,2016-10-05 12:04:14,0.30849220103986136,0,0,0,1,2,2
BHMBCCMKT01,577,183,0,7,2016-10-05 12:30:16,0.317157712305026,0,1,0,0,1,2
BHMBCCMKT01,577,175,0,9,2016-10-05 12:57:15,0.30329289428076256,0,0,0,1,2,2
BHMBCCMKT01,577,179,0,8,2016-10-05 13:30:19,0.31022530329289427,0,1,0,0,2,2
BHMBCCMKT01,577,174,0,6,2016-10-05 13:57:20,0.30155979202772965,1,0,0,0,1,2
BHMBCCMKT01,577,158,0,5,2016-10-05 14:30:17,0.2738301559792028,0,1,0,0,1,2
BHMBCCMKT01,577,145,0,5,2016-10-05 14:57:19,0.2512998266897747,0,1,0,0,1,2
BHMBCCMKT01,577,129,0,2,2016-10-05 15:30:15,0.22357019064124783,0,1,0,0,0,2
BHMBCCMKT01,577,121,0,3,2016-10-05 16:04:18,0.2097053726169844,0,0,1,0,0,2
BHMBCCMKT01,577,114,0,2,2016-10-05 16:30:17,0.1975736568457539,0,1,0,0,1,2
BHMBCCMKT01,577,58,0,2,2016-10-06 07:57:25,0.10051993067590988,1,0,0,0,1,3
BHMBCCMKT01,577,63,0,1,2016-10-06 08:30:20,0.10918544194107452,0,1,0,0,0,3
BHMBCCMKT01,577,70,0,1,2016-10-06 08:57:22,0.12131715771230503,0,1,0,0,0,3
BHMBCCMKT01,577,95,0,3,2016-10-06 09:30:20,0.16464471403812825,0,1,0,0,1,3
BHMBCCMKT01,577,135,0,4,2016-10-06 10:03:20,0.2339688041594454,0,1,0,0,0,3
BHMBCCMKT01,577,160,0,7,2016-10-06 10:30:20,0.2772963604852686,0,1,0,0,2,3
BHMBCCMKT01,577,177,0,5,2016-10-06 10:57:20,0.30675909878682844,0,1,0,0,1,3
BHMBCCMKT01,577,191,0,6,2016-10-06 11:30:22,0.3310225303292894,0,1,0,0,1,3
BHMBCCMKT01,577,199,0,9,2016-10-06 12:04:24,0.34488734835355284,0,1,0,0,2,3
BHMBCCMKT01,577,206,0,9,2016-10-06 12:30:24,0.35701906412478335,0,0,0,1,2,3
BHMBCCMKT01,577,198,0,9,2016-10-06 12:57:21,0.3431542461005199,0,1,0,0,2,3
BHMBCCMKT01,577,208,0,9,2016-10-06 13:30:21,0.36048526863084923,0,1,0,0,2,3
BHMBCCMKT01,577,200,0,6,2016-10-06 13:57:22,0.3466204506065858,0,1,0,0,1,3
BHMBCCMKT01,577,175,0,4,2016-10-06 14:30:23,0.30329289428076256,0,1,0,0,1,3
BHMBCCMKT01,577,158,0,3,2016-10-06 15:04:22,0.2738301559792028,1,0,0,0,0,3
BHMBCCMKT01,577,153,0,3,2016-10-06 15:31:22,0.2651646447140381,0,1,0,0,1,3
BHMBCCMKT01,577,135,0,2,2016-10-06 16:04:23,0.2339688041594454,0,0,1,0,0,3
BHMBCCMKT01,577,129,0,2,2016-10-06 16:30:27,0.22357019064124783,0,0,0,1,0,3
BHMBCCMKT01,577,58,0,2,2016-10-07 08:03:27,0.10051993067590988,0,1,0,0,0,4
BHMBCCMKT01,577,61,0,2,2016-10-07 08:30:27,0.10571923743500866,0,1,0,0,0,4
BHMBCCMKT01,577,75,0,3,2016-10-07 09:04:13,0.12998266897746968,0,1,0,0,1,4
BHMBCCMKT01,577,103,0,2,2016-10-07 09:30:27,0.17850953206239167,0,1,0,0,0,4
BHMBCCMKT01,577,128,0,3,2016-10-07 09:57:27,0.2218370883882149,0,1,0,0,0,4
BHMBCCMKT01,577,172,0,5,2016-10-07 10:30:27,0.29809358752166376,0,1,0,0,1,4
BHMBCCMKT01,577,188,0,5,2016-10-07 10:57:30,0.32582322357019067,0,0,1,0,1,4
BHMBCCMKT01,577,199,0,6,2016-10-07 11:30:28,0.34488734835355284,0,1,0,0,1,4
BHMBCCMKT01,577,210,0,6,2016-10-07 12:03:29,0.36395147313691506,1,0,0,0,1,4
BHMBCCMKT01,577,206,0,9,2016-10-07 12:30:28,0.35701906412478335,0,1,0,0,2,4
BHMBCCMKT01,577,200,0,9,2016-10-07 13:04:28,0.3466204506065858,0,1,0,0,2,4
BHMBCCMKT01,577,201,0,9,2016-10-07 13:30:29,0.3483535528596187,0,1,0,0,2,4
BHMBCCMKT01,577,193,0,5,2016-10-07 14:03:28,0.3344887348353553,0,0,1,0,1,4
BHMBCCMKT01,577,181,0,5,2016-10-07 14:30:32,0.31369150779896016,0,0,1,0,1,4
BHMBCCMKT01,577,172,0,3,2016-10-07 15:04:30,0.29809358752166376,0,1,0,0,0,4
BHMBCCMKT01,577,159,0,2,2016-10-07 15:30:32,0.2755632582322357,0,0,1,0,0,4
BHMBCCMKT01,577,158,0,3,2016-10-07 15:57:31,0.2738301559792028,0,0,1,0,0,4
BHMBCCMKT01,577,132,0,3,2016-10-07 16:30:29,0.22876949740034663,0,0,1,0,0,4
BHMBCCMKT01,577,58,0,2,2016-10-08 07:57:38,0.10051993067590988,0,0,0,1,0,5
BHMBCCMKT01,577,61,0,3,2016-10-08 08:30:37,0.10571923743500866,0,1,0,0,0,5
BHMBCCMKT01,577,75,0,1,2016-10-08 08:57:34,0.12998266897746968,0,1,0,0,0,5
BHMBCCMKT01,577,104,0,4,2016-10-08 09:30:37,0.18024263431542462,1,0,0,0,1,5
BHMBCCMKT01,577,158,0,4,2016-10-08 10:04:34,0.2738301559792028,0,1,0,0,0,5
BHMBCCMKT01,577,191,0,5,2016-10-08 10:30:34,0.3310225303292894,0,1,0,0,1,5
BHMBCCMKT01,577,223,0,5,2016-10-08 10:57:34,0.38648180242634317,0,1,0,0,1,5
BHMBCCMKT01,577,254,0,6,2016-10-08 11:30:38,0.44020797227036396,1,0,0,0,1,5
BHMBCCMKT01,577,306,0,10,2016-10-08 12:04:34,0.5303292894280762,1,0,0,0,2,5
BHMBCCMKT01,577,320,0,11,2016-10-08 12:30:36,0.5545927209705372,0,0,1,0,2,5
BHMBCCMKT01,577,348,0,10,2016-10-08 13:04:39,0.6031195840554593,0,1,0,0,2,5
BHMBCCMKT01,577,357,0,10,2016-10-08 13:30:36,0.6187175043327556,0,1,0,0,2,5
BHMBCCMKT01,577,395,0,5,2016-10-08 14:03:38,0.6845753899480069,1,0,0,0,1,5
BHMBCCMKT01,577,400,0,5,2016-10-08 14:30:35,0.6932409012131716,0,0,1,0,1,5
BHMBCCMKT01,577,395,0,6,2016-10-08 14:57:41,0.6845753899480069,0,0,1,0,1,5
BHMBCCMKT01,577,406,0,3,2016-10-08 15:30:39,0.7036395147313691,0,0,0,1,0,5
BHMBCCMKT01,577,381,0,3,2016-10-08 16:04:39,0.6603119584055459,1,0,0,0,1,5
BHMBCCMKT01,577,365,0,3,2016-10-08 16:30:42,0.6325823223570191,0,1,0,0,0,5
BHMBCCMKT01,577,42,1,2,2016-10-09 08:04:40,0.07279029462738301,0,1,0,0,0,6
BHMBCCMKT01,577,42,1,3,2016-10-09 08:30:45,0.07279029462738301,0,1,0,0,0,6
BHMBCCMKT01,577,43,1,3,2016-10-09 09:04:46,0.07452339688041594,1,0,0,0,1,6
BHMBCCMKT01,577,43,1,3,2016-10-09 09:30:45,0.07452339688041594,1,0,0,0,0,6
BHMBCCMKT01,577,50,1,3,2016-10-09 09:57:41,0.08665511265164645,0,1,0,0,0,6
BHMBCCMKT01,577,64,1,5,2016-10-09 10:30:43,0.11091854419410745,0,1,0,0,1,6
BHMBCCMKT01,577,100,1,8,2016-10-09 11:04:44,0.1733102253032929,0,1,0,0,1,6
BHMBCCMKT01,577,126,1,8,2016-10-09 11:30:41,0.21837088388214904,0,1,0,0,1,6
BHMBCCMKT01,577,148,1,8,2016-10-09 11:57:46,0.2564991334488735,0,0,1,0,1,6
BHMBCCMKT01,577,170,1,13,2016-10-09 12:30:41,0.29462738301559793,0,0,0,1,2,6
BHMBCCMKT01,577,189,1,12,2016-10-09 13:04:43,0.3275563258232236,0,1,0,0,2,6
BHMBCCMKT01,577,205,1,9,2016-10-09 13:30:42,0.35528596187175043,1,0,0,0,1,6
BHMBCCMKT01,577,208,1,7,2016-10-09 14:03:42,0.36048526863084923,0,0,0,1,1,6
BHMBCCMKT01,577,209,1,7,2016-10-09 14:30:42,0.36221837088388215,0,1,0,0,1,6
BHMBCCMKT01,577,191,1,4,2016-10-09 15:04:44,0.3310225303292894,0,1,0,0,0,6
BHMBCCMKT01,577,180,1,4,2016-10-09 15:30:46,0.3119584055459272,0,1,0,0,0,6
BHMBCCMKT01,577,155,1,5,2016-10-09 16:03:43,0.268630849220104,0,1,0,0,1,6
BHMBCCMKT01,577,133,1,3,2016-10-09 16:30:43,0.23050259965337955,0,1,0,0,0,6
BHMBCCMKT01,577,54,0,2,2016-10-10 08:04:47,0.09358752166377816,1,0,0,0,0,0
BHMBCCMKT01,577,56,0,2,2016-10-10 08:30:47,0.09705372616984402,0,1,0,0,0,0
BHMBCCMKT01,577,65,0,1,2016-10-10 09:04:47,0.11265164644714037,0,0,0,1,0,0
BHMBCCMKT01,577,73,0,2,2016-10-10 09:30:49,0.1265164644714038,1,0,0,0,0,0
BHMBCCMKT01,577,92,0,3,2016-10-10 10:03:48,0.15944540727902945,0,1,0,0,0,0
BHMBCCMKT01,577,113,0,5,2016-10-10 10:30:48,0.19584055459272098,0,1,0,0,1,0
BHMBCCMKT01,577,144,0,4,2016-10-10 10:57:52,0.24956672443674177,0,1,0,0,1,0
BHMBCCMKT01,577,149,0,6,2016-10-10 11:30:48,0.2582322357019064,0,1,0,0,1,0
BHMBCCMKT01,577,159,0,8,2016-10-10 11:57:49,0.2755632582322357,0,0,0,1,2,0
BHMBCCMKT01,577,171,0,9,2016-10-10 12:30:48,0.29636048526863085,1,0,0,0,2,0
BHMBCCMKT01,577,176,0,9,2016-10-10 13:04:49,0.3050259965337955,1,0,0,0,2,0
BHMBCCMKT01,577,172,0,9,2016-10-10 13:30:49,0.29809358752166376,1,0,0,0,2,0
BHMBCCMKT01,577,161,0,5,2016-10-10 14:03:49,0.27902946273830154,0,1,0,0,1,0
BHMBCCMKT01,577,154,0,4,2016-10-10 14:30:49,0.2668977469670711,0,1,0,0,1,0
BHMBCCMKT01,577,137,0,5,2016-10-10 14:57:54,0.23743500866551126,1,0,0,0,1,0
BHMBCCMKT01,577,129,0,2,2016-10-10 15:30:49,0.22357019064124783,0,1,0,0,0,0
BHMBCCMKT01,577,130,0,3,2016-10-10 15:57:55,0.22530329289428075,0,1,0,0,0,0
BHMBCCMKT01,577,114,0,3,2016-10-10 16:30:49,0.1975736568457539,0,1,0,0,0,0
BHMBCCMKT01,577,56,0,2,2016-10-11 08:04:57,0.09705372616984402,0,0,0,1,1,1
BHMBCCMKT01,577,64,0,2,2016-10-11 08:30:54,0.11091854419410745,1,0,0,0,0,1
BHMBCCMKT01,577,74,0,2,2016-10-11 08:57:56,0.12824956672443674,0,1,0,0,0,1
BHMBCCMKT01,577,93,0,2,2016-10-11 09:30:55,0.1611785095320624,0,1,0,0,0,1
BHMBCCMKT01,577,129,0,2,2016-10-11 09:57:59,0.22357019064124783,0,1,0,0,0,1
BHMBCCMKT01,577,167,0,5,2016-10-11 10:30:54,0.28942807625649913,0,1,0,0,1,1
BHMBCCMKT01,577,200,0,4,2016-10-11 10:57:55,0.3466204506065858,0,1,0,0,1,1
BHMBCCMKT01,577,219,0,7,2016-10-11 11:30:59,0.37954939341421146,0,1,0,0,1,1
BHMBCCMKT01,577,225,0,9,2016-10-11 12:03:55,0.389948006932409,1,0,0,0,2,1
BHMBCCMKT01,577,221,0,11,2016-10-11 12:30:56,0.3830155979202773,0,1,0,0,2,1
BHMBCCMKT01,577,217,0,9,2016-10-11 13:04:00,0.37608318890814557,0,0,0,1,2,1
BHMBCCMKT01,577,217,0,9,2016-10-11 13:31:01,0.37608318890814557,0,0,0,1,2,1
BHMBCCMKT01,577,208,0,5,2016-10-11 14:04:00,0.36048526863084923,0,0,1,0,1,1
BHMBCCMKT01,577,191,0,4,2016-10-11 14:30:56,0.3310225303292894,1,0,0,0,1,1
BHMBCCMKT01,577,167,0,3,2016-10-11 15:03:58,0.28942807625649913,1,0,0,0,0,1
BHMBCCMKT01,577,159,0,3,2016-10-11 15:33:56,0.2755632582322357,0,1,0,0,0,1
BHMBCCMKT01,577,150,0,2,2016-10-11 16:01:00,0.25996533795493937,0,1,0,0,0,1
BHMBCCMKT01,577,127,0,2,2016-10-11 16:26:56,0.22010398613518198,1,0,0,0,0,1
BHMBCCMKT01,577,51,0,2,2016-10-12 08:04:00,0.08838821490467938,0,1,0,0,0,2
BHMBCCMKT01,577,57,0,2,2016-10-12 08:31:01,0.09878682842287695,0,1,0,0,0,2
BHMBCCMKT01,577,64,0,2,2016-10-12 09:03:59,0.11091854419410745,0,1,0,0,0,2
BHMBCCMKT01,577,73,0,2,2016-10-12 09:26:58,0.1265164644714038,0,1,0,0,0,2
BHMBCCMKT01,577,99,0,4,2016-10-12 10:01:04,0.17157712305025996,0,1,0,0,0,2
BHMBCCMKT01,577,112,0,4,2016-10-12 10:31:04,0.19410745233968804,0,1,0,0,1,2
BHMBCCMKT01,577,127,0,6,2016-10-12 11:04:01,0.22010398613518198,1,0,0,0,1,2
BHMBCCMKT01,577,128,0,8,2016-10-12 11:31:05,0.2218370883882149,0,1,0,0,2,2
BHMBCCMKT01,577,143,0,6,2016-10-12 12:04:04,0.24783362218370883,0,1,0,0,1,2
BHMBCCMKT01,577,158,0,9,2016-10-12 12:31:05,0.2738301559792028,0,1,0,0,2,2
BHMBCCMKT01,577,157,0,9,2016-10-12 13:04:04,0.2720970537261698,0,1,0,0,2,2
BHMBCCMKT01,577,164,0,8,2016-10-12 13:34:03,0.28422876949740034,0,1,0,0,2,2
BHMBCCMKT01,577,167,0,7,2016-10-12 14:03:59,0.28942807625649913,1,0,0,0,2,2
BHMBCCMKT01,577,159,0,7,2016-10-12 14:34:04,0.2755632582322357,0,1,0,0,2,2
BHMBCCMKT01,577,140,0,2,2016-10-12 15:01:03,0.24263431542461006,0,0,1,0,0,2
BHMBCCMKT01,577,128,0,3,2016-10-12 15:30:59,0.2218370883882149,1,0,0,0,0,2
BHMBCCMKT01,577,121,0,2,2016-10-12 15:57:05,0.2097053726169844,0,1,0,0,0,2
BHMBCCMKT01,577,111,0,2,2016-10-12 16:31:05,0.1923743500866551,0,0,0,1,0,2
BHMBCCMKT01,577,58,0,2,2016-10-13 07:57:02,0.10051993067590988,0,0,1,0,0,3
BHMBCCMKT01,577,65,0,2,2016-10-13 08:31:06,0.11265164644714037,0,1,0,0,1,3
BHMBCCMKT01,577,76,0,3,2016-10-13 09:04:02,0.1317157712305026,0,1,0,0,0,3
BHMBCCMKT01,577,97,0,3,2016-10-13 09:31:01,0.1681109185441941,1,0,0,0,0,3
BHMBCCMKT01,577,127,0,4,2016-10-13 09:57:08,0.22010398613518198,0,1,0,0,1,3
BHMBCCMKT01,577,166,0,6,2016-10-13 10:31:03,0.2876949740034662,0,1,0,0,1,3
BHMBCCMKT01,577,200,0,6,2016-10-13 11:04:08,0.3466204506065858,0,1,0,0,1,3
BHMBCCMKT01,577,220,0,6,2016-10-13 11:31:06,0.38128249566724437,1,0,0,0,1,3
BHMBCCMKT01,577,230,0,6,2016-10-13 11:57:06,0.3986135181975737,0,1,0,0,1,3
BHMBCCMKT01,577,231,0,10,2016-10-13 12:31:08,0.4003466204506066,0,1,0,0,2,3
BHMBCCMKT01,577,214,0,9,2016-10-13 13:04:04,0.3708838821490468,0,1,0,0,2,3
BHMBCCMKT01,577,203,0,9,2016-10-13 13:31:08,0.35181975736568455,0,0,1,0,2,3
BHMBCCMKT01,577,205,0,6,2016-10-13 13:57:07,0.35528596187175043,0,1,0,0,1,3
BHMBCCMKT01,577,181,0,5,2016-10-13 14:31:06,0.31369150779896016,0,0,1,0,1,3
BHMBCCMKT01,577,162,0,3,2016-10-13 15:04:08,0.2807625649913345,0,1,0,0,0,3
BHMBCCMKT01,577,144,0,3,2016-10-13 15:31:08,0.24956672443674177,1,0,0,0,0,3
BHMBCCMKT01,577,132,0,2,2016-10-13 16:04:08,0.22876949740034663,0,0,0,1,0,3
BHMBCCMKT01,577,130,0,3,2016-10-13 16:31:08,0.22530329289428075,0,1,0,0,0,3
BHMBCCMKT01,577,53,0,2,2016-10-14 08:01:05,0.09185441941074524,0,1,0,0,0,4
BHMBCCMKT01,577,57,0,1,2016-10-14 08:27:10,0.09878682842287695,1,0,0,0,0,4
BHMBCCMKT01,577,67,0,2,2016-10-14 09:01:08,0.11611785095320624,0,1,0,0,0,4
BHMBCCMKT01,577,100,0,3,2016-10-14 09:27:10,0.1733102253032929,0,1,0,0,0,4
BHMBCCMKT01,577,134,0,3,2016-10-14 10:01:11,0.2322357019064125,0,0,0,1,0,4
BHMBCCMKT01,577,157,0,5,2016-10-14 10:27:09,0.2720970537261698,0,1,0,0,1,4
BHMBCCMKT01,577,205,0,6,2016-10-14 11:01:07,0.35528596187175043,0,1,0,0,1,4
BHMBCCMKT01,577,220,0,6,2016-10-14 11:27:06,0.38128249566724437,0,1,0,0,1,4
BHMBCCMKT01,577,224,0,10,2016-10-14 12:01:11,0.3882149046793761,0,1,0,0,2,4
BHMBCCMKT01,577,213,0,9,2016-10-14 12:27:06,0.36915077989601386,0,1,0,0,2,4
BHMBCCMKT01,577,205,0,9,2016-10-14 13:01:11,0.35528596187175043,0,1,0,0,2,4
BHMBCCMKT01,577,201,0,9,2016-10-14 13:27:07,0.3483535528596187,0,1,0,0,2,4
BHMBCCMKT01,577,182,0,5,2016-10-14 14:01:11,0.31542461005199307,0,1,0,0,1,4
BHMBCCMKT01,577,174,0,4,2016-10-14 14:34:08,0.30155979202772965,0,0,1,0,1,4
BHMBCCMKT01,577,171,0,3,2016-10-14 15:01:12,0.29636048526863085,0,1,0,0,0,4
BHMBCCMKT01,577,161,0,3,2016-10-14 15:27:08,0.27902946273830154,0,1,0,0,0,4
BHMBCCMKT01,577,138,0,2,2016-10-14 16:01:11,0.2391681109185442,0,1,0,0,0,4
BHMBCCMKT01,577,134,0,3,2016-10-14 16:34:08,0.2322357019064125,0,0,1,0,1,4
BHMBCCMKT01,577,53,0,2,2016-10-15 08:01:11,0.09185441941074524,0,1,0,0,0,5
BHMBCCMKT01,577,63,0,1,2016-10-15 08:34:10,0.10918544194107452,0,1,0,0,0,5
BHMBCCMKT01,577,77,0,3,2016-10-15 09:01:09,0.13344887348353554,0,1,0,0,0,5
BHMBCCMKT01,577,101,0,3,2016-10-15 09:27:11,0.17504332755632582,0,0,1,0,0,5
BHMBCCMKT01,577,154,0,4,2016-10-15 10:01:12,0.2668977469670711,0,1,0,0,0,5
BHMBCCMKT01,577,171,0,4,2016-10-15 10:27:15,0.29636048526863085,0,1,0,0,0,5
BHMBCCMKT01,577,211,0,6,2016-10-15 11:01:14,0.36568457538994803,0,1,0,0,1,5
BHMBCCMKT01,577,239,0,6,2016-10-15 11:27:14,0.41421143847487,0,1,0,0,1,5
BHMBCCMKT01,577,276,0,10,2016-10-15 12:01:12,0.4783362218370884,0,1,0,0,2,5
BHMBCCMKT01,577,297,0,11,2016-10-15 12:27:10,0.5147313691507799,0,1,0,0,2,5
BHMBCCMKT01,577,332,0,10,2016-10-15 13:01:14,0.5753899480069324,1,0,0,0,2,5
BHMBCCMKT01,577,352,0,11,2016-10-15 13:34:13,0.610051993067591,0,1,0,0,2,5
BHMBCCMKT01,577,391,0,6,2016-10-15 14:01:13,0.6776429809358753,0,1,0,0,1,5
BHMBCCMKT01,577,409,0,6,2016-10-15 14:27:12,0.708838821490468,0,0,1,0,1,5
BHMBCCMKT01,577,442,0,4,2016-10-15 15:01:13,0.7660311958405546,0,0,1,0,0,5
BHMBCCMKT01,577,428,0,4,2016-10-15 15:27:12,0.7417677642980935,0,1,0,0,0,5
BHMBCCMKT01,577,412,0,3,2016-10-15 16:01:15,0.7140381282495667,0,1,0,0,0,5
BHMBCCMKT01,577,393,0,3,2016-10-15 16:27:16,0.6811091854419411,0,1,0,0,0,5
BHMBCCMKT01,577,48,1,2,2016-10-16 08:04:13,0.0831889081455806,0,1,0,0,0,6
BHMBCCMKT01,577,48,1,2,2016-10-16 08:27:13,0.0831889081455806,0,1,0,0,0,6
BHMBCCMKT01,577,55,1,3,2016-10-16 09:01:15,0.09532062391681109,0,1,0,0,0,6
BHMBCCMKT01,577,57,1,4,2016-10-16 09:27:13,0.09878682842287695,1,0,0,0,1,6
BHMBCCMKT01,577,57,1,5,2016-10-16 10:04:13,0.09878682842287695,0,1,0,0,0,6
BHMBCCMKT01,577,56,1,4,2016-10-16 10:34:13,0.09705372616984402,0,1,0,0,1,6
BHMBCCMKT01,577,56,1,7,2016-10-16 11:01:13,0.09705372616984402,0,0,1,0,1,6
BHMBCCMKT01,577,56,1,6,2016-10-16 11:27:17,0.09705372616984402,1,0,0,0,1,6
BHMBCCMKT01,577,65,1,11,2016-10-16 12:01:16,0.11265164644714037,0,1,0,0,2,6
BHMBCCMKT01,577,105,1,12,2016-10-16 12:27:14,0.18197573656845753,0,1,0,0,2,6
BHMBCCMKT01,577,131,1,11,2016-10-16 13:01:16,0.2270363951473137,0,0,0,1,2,6
BHMBCCMKT01,577,146,1,11,2016-10-16 13:27:17,0.2530329289428076,0,0,0,1,2,6
BHMBCCMKT01,577,170,1,6,2016-10-16 14:01:18,0.29462738301559793,0,1,0,0,1,6
BHMBCCMKT01,577,180,1,7,2016-10-16 14:27:13,0.3119584055459272,0,1,0,0,1,6
BHMBCCMKT01,577,192,1,4,2016-10-16 15:01:18,0.3327556325823224,0,1,0,0,0,6
BHMBCCMKT01,577,185,1,4,2016-10-16 15:31:18,0.32062391681109187,0,1,0,0,0,6
BHMBCCMKT01,577,173,1,4,2016-10-16 15:57:16,0.29982668977469673,1,0,0,0,0,6
BHMBCCMKT01,577,154,1,3,2016-10-16 16:31:17,0.2668977469670711,0,1,0,0,0,6
BHMBCCMKT01,577,50,0,3,2016-10-17 08:01:16,0.08665511265164645,0,1,0,0,0,0
BHMBCCMKT01,577,54,0,2,2016-10-17 08:27:16,0.09358752166377816,0,1,0,0,0,0
BHMBCCMKT01,577,66,0,1,2016-10-17 09:01:17,0.11438474870017332,0,1,0,0,0,0
BHMBCCMKT01,577,76,0,2,2016-10-17 09:27:20,0.1317157712305026,0,1,0,0,0,0
BHMBCCMKT01,577,112,0,3,2016-10-17 10:04:20,0.19410745233968804,1,0,0,0,0,0
BHMBCCMKT01,577,119,0,5,2016-10-17 10:31:16,0.20623916811091855,0,1,0,0,1,0
BHMBCCMKT01,577,144,0,5,2016-10-17 11:04:20,0.24956672443674177,0,1,0,0,1,0
BHMBCCMKT01,577,153,0,6,2016-10-17 11:31:18,0.2651646447140381,0,0,1,0,1,0
BHMBCCMKT01,577,159,0,9,2016-10-17 12:04:19,0.2755632582322357,0,0,1,0,2,0
BHMBCCMKT01,577,154,0,10,2016-10-17 12:31:21,0.2668977469670711,0,1,0,0,2,0
BHMBCCMKT01,577,154,0,9,2016-10-17 12:57:17,0.2668977469670711,1,0,0,0,2,0
BHMBCCMKT01,577,157,0,8,2016-10-17 13:31:21,0.2720970537261698,0,1,0,0,2,0
BHMBCCMKT01,577,161,0,4,2016-10-17 14:04:21,0.27902946273830154,1,0,0,0,1,0
BHMBCCMKT01,577,147,0,4,2016-10-17 14:31:21,0.25476603119584057,0,0,0,1,1,0
BHMBCCMKT01,577,133,0,7,2016-10-17 14:57:18,0.23050259965337955,1,0,0,0,2,0
BHMBCCMKT01,577,121,0,3,2016-10-17 15:31:21,0.2097053726169844,0,1,0,0,0,0
BHMBCCMKT01,577,115,0,2,2016-10-17 15:57:17,0.19930675909878684,0,1,0,0,0,0
BHMBCCMKT01,577,110,0,3,2016-10-17 16:28:21,0.19064124783362218,0,1,0,0,1,0
BHMBCCMKT01,577,57,0,3,2016-10-18 08:01:23,0.09878682842287695,1,0,0,0,0,1
BHMBCCMKT01,577,60,0,2,2016-10-18 08:28:25,0.10398613518197573,0,1,0,0,0,1
BHMBCCMKT01,577,72,0,2,2016-10-18 09:01:23,0.12478336221837089,0,1,0,0,1,1
BHMBCCMKT01,577,91,0,2,2016-10-18 09:28:22,0.15771230502599654,0,1,0,0,0,1
BHMBCCMKT01,577,145,0,4,2016-10-18 10:01:25,0.2512998266897747,1,0,0,0,0,1
BHMBCCMKT01,577,178,0,3,2016-10-18 10:28:58,0.30849220103986136,0,0,1,0,0,1
BHMBCCMKT01,577,220,0,7,2016-10-18 11:01:57,0.38128249566724437,0,1,0,0,1,1
BHMBCCMKT01,577,228,0,7,2016-10-18 11:27:56,0.3951473136915078,0,1,0,0,1,1
BHMBCCMKT01,577,231,0,10,2016-10-18 12:01:59,0.4003466204506066,0,1,0,0,2,1
BHMBCCMKT01,577,224,0,7,2016-10-18 12:27:57,0.3882149046793761,0,1,0,0,1,1
BHMBCCMKT01,577,237,0,8,2016-10-18 13:01:56,0.41074523396880414,0,1,0,0,2,1
BHMBCCMKT01,577,227,0,9,2016-10-18 13:28:57,0.3934142114384749,1,0,0,0,2,1
BHMBCCMKT01,577,226,0,6,2016-10-18 13:54:59,0.39168110918544197,0,1,0,0,1,1
BHMBCCMKT01,577,200,0,4,2016-10-18 14:27:56,0.3466204506065858,1,0,0,0,1,1
BHMBCCMKT01,577,165,0,4,2016-10-18 15:01:58,0.28596187175043325,0,1,0,0,0,1
BHMBCCMKT01,577,157,0,2,2016-10-18 15:27:59,0.2720970537261698,0,1,0,0,0,1
BHMBCCMKT01,577,149,0,3,2016-10-18 15:55:00,0.2582322357019064,0,0,0,1,0,1
BHMBCCMKT01,577,124,0,2,2016-10-18 16:27:54,0.21490467937608318,0,0,1,0,0,1
BHMBCCMKT01,577,49,0,2,2016-10-19 08:05:03,0.08492201039861352,0,0,1,0,0,2
BHMBCCMKT01,577,51,0,1,2016-10-19 08:25:01,0.08838821490467938,1,0,0,0,0,2
BHMBCCMKT01,577,59,0,2,2016-10-19 08:58:05,0.1022530329289428,1,0,0,0,0,2
BHMBCCMKT01,577,76,0,2,2016-10-19 09:32:04,0.1317157712305026,1,0,0,0,0,2
BHMBCCMKT01,577,105,0,2,2016-10-19 09:58:04,0.18197573656845753,0,0,0,1,0,2
BHMBCCMKT01,577,135,0,4,2016-10-19 10:25:04,0.2339688041594454,1,0,0,0,0,2
BHMBCCMKT01,577,156,0,5,2016-10-19 10:59:00,0.2703639514731369,1,0,0,0,1,2
BHMBCCMKT01,577,177,0,6,2016-10-19 11:25:04,0.30675909878682844,0,1,0,0,1,2
BHMBCCMKT01,577,181,0,6,2016-10-19 11:59:05,0.31369150779896016,0,1,0,0,1,2
BHMBCCMKT01,577,171,0,9,2016-10-19 12:25:00,0.29636048526863085,0,1,0,0,2,2
BHMBCCMKT01,577,165,0,9,2016-10-19 12:58:01,0.28596187175043325,0,0,1,0,2,2
BHMBCCMKT01,577,167,0,9,2016-10-19 13:25:03,0.28942807625649913,0,1,0,0,2,2
BHMBCCMKT01,577,161,0,7,2016-10-19 13:58:02,0.27902946273830154,0,0,1,0,1,2
BHMBCCMKT01,577,156,0,4,2016-10-19 14:32:03,0.2703639514731369,0,0,1,0,1,2
BHMBCCMKT01,577,144,0,5,2016-10-19 14:58:03,0.24956672443674177,0,0,0,1,1,2
BHMBCCMKT01,577,127,0,2,2016-10-19 15:32:05,0.22010398613518198,1,0,0,0,0,2
BHMBCCMKT01,577,117,0,3,2016-10-19 15:59:01,0.2027729636048527,0,1,0,0,0,2
BHMBCCMKT01,577,110,0,2,2016-10-19 16:25:03,0.19064124783362218,0,1,0,0,0,2
BHMBCCMKT01,577,57,0,2,2016-10-22 07:59:45,0.09878682842287695,0,1,0,0,0,5
BHMBCCMKT01,577,59,0,2,2016-10-22 08:26:46,0.1022530329289428,0,1,0,0,0,5
BHMBCCMKT01,577,72,0,2,2016-10-22 08:59:44,0.12478336221837089,0,0,1,0,0,5
BHMBCCMKT01,577,93,0,2,2016-10-22 09:26:47,0.1611785095320624,0,1,0,0,0,5
BHMBCCMKT01,577,130,0,2,2016-10-22 09:59:44,0.22530329289428075,0,0,0,1,0,5
BHMBCCMKT01,577,156,0,4,2016-10-22 10:26:47,0.2703639514731369,0,1,0,0,0,5
BHMBCCMKT01,577,198,0,7,2016-10-22 10:59:47,0.3431542461005199,0,0,0,1,2,5
BHMBCCMKT01,577,239,0,6,2016-10-22 11:32:43,0.41421143847487,0,0,1,0,1,5
BHMBCCMKT01,577,261,0,10,2016-10-22 11:59:46,0.45233968804159447,0,1,0,0,2,5
BHMBCCMKT01,577,324,0,11,2016-10-22 12:32:47,0.561525129982669,1,0,0,0,2,5
BHMBCCMKT01,577,359,0,11,2016-10-22 12:59:47,0.6221837088388215,0,1,0,0,2,5
BHMBCCMKT01,577,380,0,10,2016-10-22 13:32:43,0.658578856152513,0,0,0,1,2,5
BHMBCCMKT01,577,408,0,10,2016-10-22 13:59:48,0.707105719237435,1,0,0,0,2,5
BHMBCCMKT01,577,430,0,5,2016-10-22 14:39:47,0.7452339688041595,0,1,0,0,1,5
BHMBCCMKT01,577,424,0,6,2016-10-22 14:59:48,0.7348353552859619,1,0,0,0,1,5
BHMBCCMKT01,577,403,0,4,2016-10-22 15:26:49,0.6984402079722704,0,1,0,0,0,5
BHMBCCMKT01,577,384,0,3,2016-10-22 15:59:47,0.6655112651646448,0,1,0,0,0,5
BHMBCCMKT01,577,340,0,3,2016-10-22 16:26:47,0.5892547660311959,0,0,0,1,0,5
BHMBCCMKT01,577,47,1,3,2016-10-23 07:59:48,0.08145580589254767,0,1,0,0,0,6
BHMBCCMKT01,577,48,1,2,2016-10-23 08:26:51,0.0831889081455806,0,1,0,0,0,6
BHMBCCMKT01,577,51,1,3,2016-10-23 08:59:50,0.08838821490467938,1,0,0,0,0,6
BHMBCCMKT01,577,50,1,3,2016-10-23 09:26:51,0.08665511265164645,1,0,0,0,0,6
BHMBCCMKT01,577,54,1,3,2016-10-23 09:59:52,0.09358752166377816,1,0,0,0,0,6
BHMBCCMKT01,577,60,1,5,2016-10-23 10:26:53,0.10398613518197573,1,0,0,0,0,6
BHMBCCMKT01,577,80,1,8,2016-10-23 10:59:53,0.1386481802426343,0,1,0,0,2,6
BHMBCCMKT01,577,107,1,8,2016-10-23 11:26:49,0.1854419410745234,0,1,0,0,1,6
BHMBCCMKT01,577,125,1,9,2016-10-23 11:59:50,0.21663778162911612,0,1,0,0,1,6
BHMBCCMKT01,577,144,1,13,2016-10-23 12:26:51,0.24956672443674177,1,0,0,0,2,6
BHMBCCMKT01,577,175,1,12,2016-10-23 13:06:52,0.30329289428076256,0,1,0,0,2,6
BHMBCCMKT01,577,192,1,12,2016-10-23 13:26:55,0.3327556325823224,0,1,0,0,2,6
BHMBCCMKT01,577,215,1,9,2016-10-23 13:59:53,0.37261698440207974,0,0,1,0,1,6
BHMBCCMKT01,577,226,1,7,2016-10-23 14:26:51,0.39168110918544197,0,1,0,0,1,6
BHMBCCMKT01,577,219,1,7,2016-10-23 14:59:53,0.37954939341421146,0,1,0,0,1,6
BHMBCCMKT01,577,215,1,4,2016-10-23 15:26:56,0.37261698440207974,0,0,1,0,0,6
BHMBCCMKT01,577,179,1,4,2016-10-23 15:59:54,0.31022530329289427,0,1,0,0,0,6
BHMBCCMKT01,577,150,1,4,2016-10-23 16:26:57,0.25996533795493937,0,1,0,0,0,6
BHMBCCMKT01,577,47,0,2,2016-10-24 07:56:56,0.08145580589254767,1,0,0,0,1,0
BHMBCCMKT01,577,55,0,1,2016-10-24 08:29:56,0.09532062391681109,0,0,0,1,0,0
BHMBCCMKT01,577,62,0,3,2016-10-24 09:03:01,0.10745233968804159,0,1,0,0,0,0
BHMBCCMKT01,577,73,0,3,2016-10-24 09:30:01,0.1265164644714038,0,1,0,0,0,0
BHMBCCMKT01,577,87,0,3,2016-10-24 09:55:57,0.15077989601386482,0,1,0,0,0,0
BHMBCCMKT01,577,114,0,5,2016-10-24 10:30:02,0.1975736568457539,0,1,0,0,1,0
BHMBCCMKT01,577,137,0,6,2016-10-24 11:03:03,0.23743500866551126,0,1,0,0,1,0
BHMBCCMKT01,577,155,0,6,2016-10-24 11:29:57,0.268630849220104,0,1,0,0,1,0
BHMBCCMKT01,577,173,0,9,2016-10-24 12:02:57,0.29982668977469673,0,0,1,0,2,0
BHMBCCMKT01,577,191,0,9,2016-10-24 12:30:03,0.3310225303292894,0,1,0,0,2,0
BHMBCCMKT01,577,198,0,10,2016-10-24 12:56:58,0.3431542461005199,0,1,0,0,2,0
BHMBCCMKT01,577,208,0,9,2016-10-24 13:30:03,0.36048526863084923,0,1,0,0,2,0
BHMBCCMKT01,577,219,0,6,2016-10-24 13:56:01,0.37954939341421146,0,0,1,0,1,0
BHMBCCMKT01,577,215,0,5,2016-10-24 14:30:02,0.37261698440207974,0,1,0,0,1,0
BHMBCCMKT01,577,209,0,5,2016-10-24 14:56:02,0.36221837088388215,1,0,0,0,1,0
BHMBCCMKT01,577,209,0,3,2016-10-24 15:32:59,0.36221837088388215,1,0,0,0,0,0
BHMBCCMKT01,577,192,0,2,2016-10-24 16:00:04,0.3327556325823224,1,0,0,0,0,0
BHMBCCMKT01,577,175,0,2,2016-10-24 16:33:03,0.30329289428076256,0,1,0,0,0,0
BHMBCCMKT01,577,54,0,2,2016-10-25 08:00:03,0.09358752166377816,0,1,0,0,0,1
BHMBCCMKT01,577,55,0,2,2016-10-25 08:26:08,0.09532062391681109,0,1,0,0,0,1
BHMBCCMKT01,577,82,0,2,2016-10-25 09:00:03,0.14211438474870017,1,0,0,0,0,1
BHMBCCMKT01,577,95,0,3,2016-10-25 09:19:19,0.16464471403812825,0,1,0,0,1,1
BHMBCCMKT01,577,129,0,2,2016-10-25 09:56:19,0.22357019064124783,0,1,0,0,0,1
BHMBCCMKT01,577,173,0,3,2016-10-25 10:29:19,0.29982668977469673,0,1,0,0,0,1
BHMBCCMKT01,577,202,0,5,2016-10-25 10:56:23,0.35008665511265163,1,0,0,0,1,1
BHMBCCMKT01,577,249,0,6,2016-10-25 11:29:22,0.43154246100519933,0,1,0,0,1,1
BHMBCCMKT01,577,290,0,10,2016-10-25 12:02:23,0.5025996533795494,0,0,0,1,2,1
BHMBCCMKT01,577,303,0,11,2016-10-25 12:29:21,0.5251299826689775,0,1,0,0,2,1
BHMBCCMKT01,577,331,0,10,2016-10-25 13:03:20,0.5736568457538995,0,0,1,0,2,1
BHMBCCMKT01,577,345,0,10,2016-10-25 13:29:24,0.5979202772963604,0,0,1,0,2,1
BHMBCCMKT01,577,363,0,10,2016-10-25 13:56:21,0.6291161178509532,0,1,0,0,2,1
BHMBCCMKT01,577,365,0,7,2016-10-25 14:29:23,0.6325823223570191,0,0,0,1,2,1
BHMBCCMKT01,577,340,0,3,2016-10-25 15:02:24,0.5892547660311959,0,1,0,0,0,1
BHMBCCMKT01,577,302,0,3,2016-10-25 15:29:22,0.5233968804159446,0,1,0,0,0,1
BHMBCCMKT01,577,273,0,3,2016-10-25 15:56:25,0.4731369150779896,1,0,0,0,0,1
BHMBCCMKT01,577,226,0,2,2016-10-25 16:29:22,0.39168110918544197,0,1,0,0,0,1
BHMBCCMKT01,577,56,0,2,2016-10-26 07:59:26,0.09705372616984402,0,1,0,0,0,2
BHMBCCMKT01,577,63,0,3,2016-10-26 08:32:27,0.10918544194107452,0,1,0,0,0,2
BHMBCCMKT01,577,70,0,2,2016-10-26 08:59:29,0.12131715771230503,0,1,0,0,1,2
BHMBCCMKT01,577,87,0,3,2016-10-26 09:26:27,0.15077989601386482,0,0,0,1,0,2
BHMBCCMKT01,577,108,0,3,2016-10-26 09:59:25,0.18717504332755633,1,0,0,0,0,2
BHMBCCMKT01,577,125,0,3,2016-10-26 10:26:30,0.21663778162911612,0,1,0,0,0,2
BHMBCCMKT01,577,159,0,7,2016-10-26 10:59:30,0.2755632582322357,1,0,0,0,2,2
BHMBCCMKT01,577,182,0,9,2016-10-26 11:26:28,0.31542461005199307,0,1,0,0,2,2
BHMBCCMKT01,577,198,0,6,2016-10-26 11:59:29,0.3431542461005199,0,1,0,0,1,2
BHMBCCMKT01,577,205,0,9,2016-10-26 12:26:27,0.35528596187175043,0,1,0,0,2,2
BHMBCCMKT01,577,231,0,10,2016-10-26 12:59:31,0.4003466204506066,0,1,0,0,2,2
BHMBCCMKT01,577,244,0,9,2016-10-26 13:26:32,0.42287694974003465,0,1,0,0,2,2
BHMBCCMKT01,577,260,0,7,2016-10-26 13:59:26,0.4506065857885615,0,0,0,1,1,2
BHMBCCMKT01,577,267,0,6,2016-10-26 14:26:26,0.462738301559792,0,1,0,0,1,2
BHMBCCMKT01,577,252,0,6,2016-10-26 14:59:30,0.43674176776429807,1,0,0,0,1,2
BHMBCCMKT01,577,238,0,3,2016-10-26 15:26:30,0.4124783362218371,0,1,0,0,0,2
BHMBCCMKT01,577,212,0,3,2016-10-26 15:59:32,0.36741767764298094,0,1,0,0,0,2
BHMBCCMKT01,577,180,0,2,2016-10-26 16:32:30,0.3119584055459272,0,1,0,0,0,2
BHMBCCMKT01,577,54,0,3,2016-10-27 07:59:33,0.09358752166377816,0,1,0,0,0,3
BHMBCCMKT01,577,60,0,1,2016-10-27 08:32:33,0.10398613518197573,0,0,0,1,0,3
BHMBCCMKT01,577,69,0,2,2016-10-27 08:59:33,0.1195840554592721,1,0,0,0,0,3
BHMBCCMKT01,577,90,0,2,2016-10-27 09:32:35,0.1559792027729636,0,0,0,1,0,3
BHMBCCMKT01,577,102,0,2,2016-10-27 09:59:37,0.17677642980935876,1,0,0,0,0,3
BHMBCCMKT01,577,117,0,3,2016-10-27 10:25:37,0.2027729636048527,1,0,0,0,0,3
BHMBCCMKT01,577,160,0,4,2016-10-27 10:59:38,0.2772963604852686,1,0,0,0,1,3
BHMBCCMKT01,577,189,0,6,2016-10-27 11:32:32,0.3275563258232236,0,1,0,0,1,3
BHMBCCMKT01,577,207,0,6,2016-10-27 11:59:38,0.3587521663778163,0,1,0,0,1,3
BHMBCCMKT01,577,222,0,11,2016-10-27 12:26:35,0.3847487001733102,1,0,0,0,2,3
BHMBCCMKT01,577,247,0,10,2016-10-27 12:59:36,0.42807625649913345,0,1,0,0,2,3
BHMBCCMKT01,577,271,0,9,2016-10-27 13:32:35,0.4696707105719237,0,1,0,0,2,3
BHMBCCMKT01,577,279,0,6,2016-10-27 13:59:37,0.48353552859618715,0,0,1,0,1,3
BHMBCCMKT01,577,280,0,8,2016-10-27 14:26:38,0.4852686308492201,0,1,0,0,2,3
BHMBCCMKT01,577,266,0,5,2016-10-27 14:59:37,0.4610051993067591,0,1,0,0,1,3
BHMBCCMKT01,577,263,0,4,2016-10-27 15:26:33,0.4558058925476603,0,1,0,0,0,3
BHMBCCMKT01,577,241,0,4,2016-10-27 15:59:38,0.41767764298093585,0,0,0,1,0,3
BHMBCCMKT01,577,225,0,2,2016-10-27 16:26:39,0.389948006932409,0,1,0,0,0,3
BHMBCCMKT01,577,57,0,1,2016-10-28 08:16:41,0.09878682842287695,0,0,0,1,0,4
BHMBCCMKT01,577,57,0,2,2016-10-28 08:16:41,0.09878682842287695,0,1,0,0,0,4
BHMBCCMKT01,577,69,0,2,2016-10-28 08:56:40,0.1195840554592721,0,1,0,0,1,4
BHMBCCMKT01,577,99,0,4,2016-10-28 09:29:43,0.17157712305025996,1,0,0,0,1,4
BHMBCCMKT01,577,135,0,3,2016-10-28 10:02:44,0.2339688041594454,0,1,0,0,0,4
BHMBCCMKT01,577,171,0,3,2016-10-28 10:29:41,0.29636048526863085,0,1,0,0,0,4
BHMBCCMKT01,577,196,0,5,2016-10-28 10:56:43,0.3396880415944541,1,0,0,0,1,4
BHMBCCMKT01,577,230,0,9,2016-10-28 11:29:44,0.3986135181975737,0,0,1,0,2,4
BHMBCCMKT01,577,262,0,7,2016-10-28 12:02:44,0.4540727902946274,0,1,0,0,1,4
BHMBCCMKT01,577,269,0,10,2016-10-28 12:29:45,0.4662045060658579,0,1,0,0,2,4
BHMBCCMKT01,577,266,0,9,2016-10-28 13:02:43,0.4610051993067591,0,1,0,0,2,4
BHMBCCMKT01,577,275,0,9,2016-10-28 13:29:45,0.47660311958405543,0,1,0,0,2,4
BHMBCCMKT01,577,296,0,5,2016-10-28 14:02:39,0.512998266897747,0,0,1,0,1,4
BHMBCCMKT01,577,290,0,5,2016-10-28 14:29:45,0.5025996533795494,0,1,0,0,1,4
BHMBCCMKT01,577,282,0,3,2016-10-28 15:02:43,0.48873483535528595,1,0,0,0,0,4
BHMBCCMKT01,577,269,0,3,2016-10-28 15:29:41,0.4662045060658579,0,1,0,0,0,4
BHMBCCMKT01,577,256,0,2,2016-10-28 16:02:40,0.4436741767764298,0,1,0,0,0,4
BHMBCCMKT01,577,220,0,3,2016-10-28 16:29:42,0.38128249566724437,0,1,0,0,0,4
BHMBCCMKT01,577,51,0,2,2016-10-29 07:59:48,0.08838821490467938,0,1,0,0,1,5
BHMBCCMKT01,577,56,0,1,2016-10-29 08:26:46,0.09705372616984402,0,1,0,0,0,5
BHMBCCMKT01,577,66,0,3,2016-10-29 08:59:48,0.11438474870017332,0,1,0,0,0,5
BHMBCCMKT01,577,91,0,3,2016-10-29 09:26:50,0.15771230502599654,0,1,0,0,0,5
BHMBCCMKT01,577,124,0,3,2016-10-29 09:59:51,0.21490467937608318,0,1,0,0,0,5
BHMBCCMKT01,577,164,0,4,2016-10-29 10:26:49,0.28422876949740034,0,1,0,0,0,5
BHMBCCMKT01,577,213,0,6,2016-10-29 10:59:46,0.36915077989601386,0,1,0,0,1,5
BHMBCCMKT01,577,267,0,7,2016-10-29 11:25:51,0.462738301559792,0,1,0,0,1,5
BHMBCCMKT01,577,314,0,10,2016-10-29 12:06:51,0.5441941074523396,0,1,0,0,2,5
BHMBCCMKT01,577,339,0,11,2016-10-29 12:26:46,0.587521663778163,1,0,0,0,2,5
BHMBCCMKT01,577,338,0,11,2016-10-29 12:59:51,0.58578856152513,0,1,0,0,2,5
BHMBCCMKT01,577,368,0,10,2016-10-29 13:26:47,0.6377816291161178,0,1,0,0,2,5
BHMBCCMKT01,577,366,0,7,2016-10-29 13:59:51,0.634315424610052,1,0,0,0,1,5
BHMBCCMKT01,577,374,0,6,2016-10-29 14:26:50,0.6481802426343154,1,0,0,0,1,5
BHMBCCMKT01,577,414,0,6,2016-10-29 14:59:51,0.7175043327556326,1,0,0,0,1,5
BHMBCCMKT01,577,417,0,3,2016-10-29 15:26:52,0.7227036395147314,0,1,0,0,0,5
BHMBCCMKT01,577,417,0,3,2016-10-29 15:59:51,0.7227036395147314,0,1,0,0,0,5
BHMBCCMKT01,577,369,0,2,2016-10-29 16:26:53,0.6395147313691508,0,1,0,0,0,5
BHMBCCMKT01,577,43,1,2,2016-10-30 07:59:55,0.07452339688041594,0,1,0,0,0,6
BHMBCCMKT01,577,43,1,3,2016-10-30 07:59:55,0.07452339688041594,0,1,0,0,0,6
BHMBCCMKT01,577,44,1,2,2016-10-30 08:25:53,0.07625649913344887,0,1,0,0,0,6
BHMBCCMKT01,577,45,1,4,2016-10-30 08:59:52,0.0779896013864818,0,1,0,0,1,6
BHMBCCMKT01,577,44,1,2,2016-10-30 09:25:57,0.07625649913344887,0,0,0,1,0,6
BHMBCCMKT01,577,47,1,2,2016-10-30 09:59:52,0.08145580589254767,0,1,0,0,0,6
BHMBCCMKT01,577,61,1,4,2016-10-30 10:25:54,0.10571923743500866,1,0,0,0,0,6
BHMBCCMKT01,577,84,1,6,2016-10-30 10:59:56,0.14558058925476602,0,1,0,0,1,6
BHMBCCMKT01,577,107,1,8,2016-10-30 11:25:55,0.1854419410745234,0,1,0,0,1,6
BHMBCCMKT01,577,122,1,7,2016-10-30 11:59:58,0.21143847487001732,0,1,0,0,1,6
BHMBCCMKT01,577,142,1,9,2016-10-30 12:26:54,0.24610051993067592,0,0,1,0,1,6
BHMBCCMKT01,577,169,1,11,2016-10-30 13:06:59,0.292894280762565,1,0,0,0,2,6
BHMBCCMKT01,577,177,1,12,2016-10-30 13:25:59,0.30675909878682844,0,1,0,0,2,6
BHMBCCMKT01,577,182,1,9,2016-10-30 13:59:59,0.31542461005199307,1,0,0,0,1,6
BHMBCCMKT01,577,183,1,6,2016-10-30 14:32:54,0.317157712305026,0,1,0,0,1,6
BHMBCCMKT01,577,157,1,5,2016-10-30 15:00:00,0.2720970537261698,1,0,0,0,1,6
BHMBCCMKT01,577,147,1,3,2016-10-30 15:32:59,0.25476603119584057,0,1,0,0,0,6
BHMBCCMKT01,577,49,0,2,2016-10-31 08:00:03,0.08492201039861352,0,1,0,0,0,0
BHMBCCMKT01,577,58,0,2,2016-10-31 08:26:02,0.10051993067590988,0,1,0,0,0,0
BHMBCCMKT01,577,67,0,2,2016-10-31 09:00:00,0.11611785095320624,0,1,0,0,1,0
BHMBCCMKT01,577,92,0,3,2016-10-31 09:26:03,0.15944540727902945,1,0,0,0,1,0
BHMBCCMKT01,577,111,0,3,2016-10-31 10:00:05,0.1923743500866551,0,0,1,0,0,0
BHMBCCMKT01,577,129,0,3,2016-10-31 10:26:02,0.22357019064124783,0,1,0,0,0,0
BHMBCCMKT01,577,166,0,8,2016-10-31 11:00:02,0.2876949740034662,0,1,0,0,2,0
BHMBCCMKT01,577,178,0,8,2016-10-31 11:26:04,0.30849220103986136,0,0,0,1,2,0
BHMBCCMKT01,577,198,0,9,2016-10-31 12:00:04,0.3431542461005199,0,1,0,0,2,0
BHMBCCMKT01,577,199,0,9,2016-10-31 12:26:06,0.34488734835355284,0,1,0,0,2,0
BHMBCCMKT01,577,198,0,10,2016-10-31 13:00:06,0.3431542461005199,0,1,0,0,2,0
BHMBCCMKT01,577,201,0,9,2016-10-31 13:26:01,0.3483535528596187,0,1,0,0,2,0
BHMBCCMKT01,577,189,0,8,2016-10-31 13:59:47,0.3275563258232236,1,0,0,0,2,0
BHMBCCMKT01,577,185,0,5,2016-10-31 14:26:05,0.32062391681109187,0,0,0,1,1,0
BHMBCCMKT01,577,160,0,3,2016-10-31 15:00:03,0.2772963604852686,0,1,0,0,1,0
BHMBCCMKT01,577,141,0,3,2016-10-31 15:27:04,0.24436741767764297,0,1,0,0,0,0
BHMBCCMKT01,577,130,0,3,2016-10-31 16:00:07,0.22530329289428075,1,0,0,0,1,0
BHMBCCMKT01,577,121,0,2,2016-10-31 16:26:06,0.2097053726169844,0,1,0,0,0,0
BHMBCCMKT01,577,50,0,1,2016-11-01 08:06:07,0.08665511265164645,0,1,0,0,0,1
BHMBCCMKT01,577,54,0,2,2016-11-01 08:26:07,0.09358752166377816,0,1,0,0,0,1
BHMBCCMKT01,577,69,0,2,2016-11-01 09:00:08,0.1195840554592721,0,1,0,0,0,1
BHMBCCMKT01,577,91,0,1,2016-11-01 09:26:12,0.15771230502599654,0,1,0,0,0,1
BHMBCCMKT01,577,135,0,4,2016-11-01 10:00:08,0.2339688041594454,0,0,0,1,1,1
BHMBCCMKT01,577,163,0,4,2016-11-01 10:26:11,0.2824956672443674,1,0,0,0,0,1
BHMBCCMKT01,577,185,0,9,2016-11-01 11:00:09,0.32062391681109187,0,1,0,0,2,1
BHMBCCMKT01,577,207,0,9,2016-11-01 11:26:11,0.3587521663778163,0,0,1,0,2,1
BHMBCCMKT01,577,239,0,10,2016-11-01 12:00:08,0.41421143847487,0,1,0,0,2,1
BHMBCCMKT01,577,244,0,10,2016-11-01 12:26:12,0.42287694974003465,0,0,0,1,2,1
BHMBCCMKT01,577,243,0,10,2016-11-01 13:00:12,0.42114384748700173,1,0,0,0,2,1
BHMBCCMKT01,577,241,0,10,2016-11-01 13:26:12,0.41767764298093585,0,1,0,0,2,1
BHMBCCMKT01,577,229,0,5,2016-11-01 14:00:09,0.3968804159445407,1,0,0,0,1,1
BHMBCCMKT01,577,199,0,4,2016-11-01 14:26:10,0.34488734835355284,0,0,0,1,1,1
BHMBCCMKT01,577,180,0,2,2016-11-01 15:00:12,0.3119584055459272,0,1,0,0,0,1
BHMBCCMKT01,577,167,0,3,2016-11-01 15:27:09,0.28942807625649913,0,1,0,0,0,1
BHMBCCMKT01,577,153,0,2,2016-11-01 16:00:09,0.2651646447140381,0,0,1,0,0,1
BHMBCCMKT01,577,133,0,2,2016-11-01 16:33:14,0.23050259965337955,0,0,0,1,0,1
BHMBCCMKT01,577,50,0,2,2016-11-02 07:56:18,0.08665511265164645,0,1,0,0,1,2
BHMBCCMKT01,577,52,0,1,2016-11-02 08:30:14,0.09012131715771231,0,1,0,0,0,2
BHMBCCMKT01,577,57,0,3,2016-11-02 08:56:14,0.09878682842287695,0,1,0,0,1,2
BHMBCCMKT01,577,81,0,3,2016-11-02 09:30:15,0.14038128249566725,1,0,0,0,0,2
BHMBCCMKT01,577,97,0,2,2016-11-02 09:56:15,0.1681109185441941,0,1,0,0,0,2
BHMBCCMKT01,577,125,0,4,2016-11-02 10:29:19,0.21663778162911612,1,0,0,0,0,2
BHMBCCMKT01,577,144,0,5,2016-11-02 10:56:16,0.24956672443674177,0,1,0,0,1,2
BHMBCCMKT01,577,167,0,6,2016-11-02 11:30:19,0.28942807625649913,0,1,0,0,1,2
BHMBCCMKT01,577,169,0,7,2016-11-02 11:56:19,0.292894280762565,0,0,1,0,1,2
BHMBCCMKT01,577,184,0,10,2016-11-02 12:30:20,0.3188908145580589,1,0,0,0,2,2
BHMBCCMKT01,577,192,0,8,2016-11-02 13:03:20,0.3327556325823224,0,0,1,0,2,2
BHMBCCMKT01,577,188,0,9,2016-11-02 13:30:18,0.32582322357019067,0,1,0,0,2,2
BHMBCCMKT01,577,188,0,4,2016-11-02 14:03:20,0.32582322357019067,0,1,0,0,1,2
BHMBCCMKT01,577,171,0,4,2016-11-02 14:30:16,0.29636048526863085,0,1,0,0,1,2
BHMBCCMKT01,577,153,0,5,2016-11-02 14:56:19,0.2651646447140381,1,0,0,0,1,2
BHMBCCMKT01,577,130,0,4,2016-11-02 15:29:19,0.22530329289428075,1,0,0,0,0,2
BHMBCCMKT01,577,125,0,2,2016-11-02 16:03:20,0.21663778162911612,0,1,0,0,0,2
BHMBCCMKT01,577,115,0,2,2016-11-02 16:30:18,0.19930675909878684,0,0,1,0,0,2
BHMBCCMKT01,577,51,0,2,2016-11-03 08:00:22,0.08838821490467938,0,0,0,1,1,3
BHMBCCMKT01,577,56,0,2,2016-11-03 08:26:26,0.09705372616984402,0,1,0,0,0,3
BHMBCCMKT01,577,60,0,2,2016-11-03 09:00:22,0.10398613518197573,0,1,0,0,0,3
BHMBCCMKT01,577,80,0,2,2016-11-03 09:26:22,0.1386481802426343,0,1,0,0,0,3
BHMBCCMKT01,577,119,0,3,2016-11-03 10:00:22,0.20623916811091855,0,1,0,0,0,3
BHMBCCMKT01,577,138,0,3,2016-11-03 10:26:25,0.2391681109185442,1,0,0,0,0,3
BHMBCCMKT01,577,185,0,6,2016-11-03 11:00:24,0.32062391681109187,0,0,1,0,1,3
BHMBCCMKT01,577,195,0,6,2016-11-03 11:26:27,0.3379549393414211,1,0,0,0,1,3
BHMBCCMKT01,577,195,0,10,2016-11-03 12:00:26,0.3379549393414211,0,1,0,0,2,3
BHMBCCMKT01,577,191,0,9,2016-11-03 12:26:27,0.3310225303292894,0,0,1,0,2,3
BHMBCCMKT01,577,196,0,9,2016-11-03 12:59:26,0.3396880415944541,0,1,0,0,2,3
BHMBCCMKT01,577,191,0,9,2016-11-03 13:26:26,0.3310225303292894,0,0,0,1,2,3
BHMBCCMKT01,577,187,0,6,2016-11-03 13:59:26,0.3240901213171577,0,1,0,0,1,3
BHMBCCMKT01,577,177,0,4,2016-11-03 14:26:23,0.30675909878682844,0,1,0,0,1,3
BHMBCCMKT01,577,154,0,3,2016-11-03 15:00:23,0.2668977469670711,0,0,1,0,0,3
BHMBCCMKT01,577,142,0,3,2016-11-03 15:26:24,0.24610051993067592,0,1,0,0,0,3
BHMBCCMKT01,577,120,0,1,2016-11-03 16:03:28,0.20797227036395147,0,1,0,0,0,3
BHMBCCMKT01,577,108,0,2,2016-11-03 16:30:27,0.18717504332755633,1,0,0,0,0,3
BHMBCCMKT01,577,48,0,1,2016-11-04 08:00:29,0.0831889081455806,0,0,1,0,0,4
BHMBCCMKT01,577,56,0,2,2016-11-04 08:26:32,0.09705372616984402,0,0,0,1,0,4
BHMBCCMKT01,577,71,0,2,2016-11-04 08:59:32,0.12305025996533796,0,1,0,0,0,4
BHMBCCMKT01,577,97,0,2,2016-11-04 09:33:32,0.1681109185441941,0,1,0,0,0,4
BHMBCCMKT01,577,115,0,3,2016-11-04 10:00:29,0.19930675909878684,0,1,0,0,0,4
BHMBCCMKT01,577,135,0,4,2016-11-04 10:26:31,0.2339688041594454,0,1,0,0,0,4
BHMBCCMKT01,577,154,0,6,2016-11-04 11:00:33,0.2668977469670711,0,1,0,0,1,4
BHMBCCMKT01,577,179,0,8,2016-11-04 11:33:31,0.31022530329289427,0,1,0,0,2,4
BHMBCCMKT01,577,183,0,10,2016-11-04 12:00:31,0.317157712305026,0,1,0,0,2,4
BHMBCCMKT01,577,182,0,9,2016-11-04 12:33:34,0.31542461005199307,0,1,0,0,2,4
BHMBCCMKT01,577,171,0,8,2016-11-04 13:00:30,0.29636048526863085,0,1,0,0,2,4
BHMBCCMKT01,577,173,0,6,2016-11-04 13:26:33,0.29982668977469673,0,1,0,0,1,4
BHMBCCMKT01,577,179,0,8,2016-11-04 13:59:31,0.31022530329289427,0,1,0,0,2,4
BHMBCCMKT01,577,167,0,5,2016-11-04 14:26:30,0.28942807625649913,0,1,0,0,1,4
BHMBCCMKT01,577,156,0,2,2016-11-04 15:00:30,0.2703639514731369,0,1,0,0,0,4
BHMBCCMKT01,577,145,0,3,2016-11-04 15:26:30,0.2512998266897747,0,1,0,0,0,4
BHMBCCMKT01,577,136,0,3,2016-11-04 16:00:33,0.23570190641247835,0,1,0,0,0,4
BHMBCCMKT01,577,119,0,2,2016-11-04 16:26:30,0.20623916811091855,0,1,0,0,0,4
BHMBCCMKT01,577,43,0,2,2016-11-05 08:00:35,0.07452339688041594,1,0,0,0,0,5
BHMBCCMKT01,577,48,0,1,2016-11-05 08:26:35,0.0831889081455806,0,1,0,0,0,5
BHMBCCMKT01,577,59,0,2,2016-11-05 08:59:37,0.1022530329289428,1,0,0,0,0,5
BHMBCCMKT01,577,90,0,4,2016-11-05 09:26:38,0.1559792027729636,0,1,0,0,1,5
BHMBCCMKT01,577,135,0,2,2016-11-05 09:59:37,0.2339688041594454,0,1,0,0,0,5
BHMBCCMKT01,577,181,0,4,2016-11-05 10:33:38,0.31369150779896016,0,1,0,0,1,5
BHMBCCMKT01,577,224,0,5,2016-11-05 10:59:39,0.3882149046793761,0,0,0,1,1,5
BHMBCCMKT01,577,243,0,6,2016-11-05 11:26:38,0.42114384748700173,0,1,0,0,1,5
BHMBCCMKT01,577,278,0,10,2016-11-05 12:06:39,0.48180242634315423,0,1,0,0,2,5
BHMBCCMKT01,577,288,0,10,2016-11-05 12:26:41,0.49913344887348354,0,1,0,0,2,5
BHMBCCMKT01,577,331,0,7,2016-11-05 13:00:37,0.5736568457538995,0,1,0,0,1,5
BHMBCCMKT01,577,351,0,10,2016-11-05 13:33:39,0.608318890814558,0,0,1,0,2,5
BHMBCCMKT01,577,361,0,7,2016-11-05 13:59:41,0.6256499133448874,1,0,0,0,1,5
BHMBCCMKT01,577,346,0,5,2016-11-05 14:26:39,0.5996533795493935,0,1,0,0,1,5
BHMBCCMKT01,577,369,0,3,2016-11-05 15:00:40,0.6395147313691508,0,1,0,0,0,5
BHMBCCMKT01,577,390,0,3,2016-11-05 15:26:40,0.6759098786828422,0,0,1,0,0,5
BHMBCCMKT01,577,368,0,2,2016-11-05 16:00:41,0.6377816291161178,1,0,0,0,0,5
BHMBCCMKT01,577,340,0,2,2016-11-05 16:26:40,0.5892547660311959,1,0,0,0,0,5
BHMBCCMKT01,577,35,1,2,2016-11-06 08:00:42,0.060658578856152515,0,0,0,1,0,6
BHMBCCMKT01,577,35,1,2,2016-11-06 08:26:43,0.060658578856152515,0,1,0,0,0,6
BHMBCCMKT01,577,36,1,3,2016-11-06 09:00:42,0.06239168110918544,0,1,0,0,0,6
BHMBCCMKT01,577,39,1,4,2016-11-06 09:33:44,0.06759098786828423,1,0,0,0,0,6
BHMBCCMKT01,577,46,1,4,2016-11-06 10:00:43,0.07972270363951472,0,1,0,0,0,6
BHMBCCMKT01,577,53,1,4,2016-11-06 10:26:46,0.09185441941074524,1,0,0,0,0,6
BHMBCCMKT01,577,77,1,6,2016-11-06 10:59:45,0.13344887348353554,1,0,0,0,1,6
BHMBCCMKT01,577,96,1,7,2016-11-06 11:26:44,0.1663778162911612,0,1,0,0,1,6
BHMBCCMKT01,577,124,1,7,2016-11-06 11:59:43,0.21490467937608318,0,0,1,0,1,6
BHMBCCMKT01,577,153,1,12,2016-11-06 12:26:47,0.2651646447140381,0,0,1,0,2,6
BHMBCCMKT01,577,178,1,8,2016-11-06 13:06:45,0.30849220103986136,1,0,0,0,1,6
BHMBCCMKT01,577,188,1,9,2016-11-06 13:26:43,0.32582322357019067,0,0,1,0,1,6
BHMBCCMKT01,577,216,1,9,2016-11-06 13:59:46,0.37435008665511266,1,0,0,0,1,6
BHMBCCMKT01,577,225,1,8,2016-11-06 14:33:47,0.389948006932409,0,1,0,0,1,6
BHMBCCMKT01,577,211,1,4,2016-11-06 15:00:47,0.36568457538994803,0,1,0,0,0,6
BHMBCCMKT01,577,188,1,4,2016-11-06 15:26:45,0.32582322357019067,0,1,0,0,0,6
BHMBCCMKT01,577,163,1,4,2016-11-06 15:59:48,0.2824956672443674,0,1,0,0,0,6
BHMBCCMKT01,577,130,1,2,2016-11-06 16:26:45,0.22530329289428075,1,0,0,0,0,6
BHMBCCMKT01,577,30,0,2,2016-11-07 08:00:52,0.05199306759098787,0,0,0,1,0,0
BHMBCCMKT01,577,38,0,2,2016-11-07 08:26:53,0.0658578856152513,0,1,0,0,0,0
BHMBCCMKT01,577,49,0,1,2016-11-07 08:59:50,0.08492201039861352,0,0,1,0,0,0
BHMBCCMKT01,577,61,0,3,2016-11-07 09:26:49,0.10571923743500866,0,1,0,0,0,0
BHMBCCMKT01,577,87,0,3,2016-11-07 09:59:50,0.15077989601386482,1,0,0,0,0,0
BHMBCCMKT01,577,110,0,3,2016-11-07 10:26:49,0.19064124783362218,0,1,0,0,0,0
BHMBCCMKT01,577,142,0,5,2016-11-07 10:59:51,0.24610051993067592,0,1,0,0,1,0
BHMBCCMKT01,577,157,0,9,2016-11-07 11:26:51,0.2720970537261698,0,1,0,0,2,0
BHMBCCMKT01,577,157,0,6,2016-11-07 11:59:51,0.2720970537261698,0,1,0,0,1,0
BHMBCCMKT01,577,160,0,9,2016-11-07 12:26:50,0.2772963604852686,0,1,0,0,2,0
BHMBCCMKT01,577,154,0,9,2016-11-07 12:59:53,0.2668977469670711,0,0,0,1,2,0
BHMBCCMKT01,577,161,0,8,2016-11-07 13:33:52,0.27902946273830154,1,0,0,0,2,0
BHMBCCMKT01,577,162,0,6,2016-11-07 13:59:54,0.2807625649913345,1,0,0,0,1,0
BHMBCCMKT01,577,156,0,4,2016-11-07 14:33:55,0.2703639514731369,0,1,0,0,1,0
BHMBCCMKT01,577,148,0,3,2016-11-07 15:00:51,0.2564991334488735,0,1,0,0,0,0
BHMBCCMKT01,577,124,0,2,2016-11-07 15:33:53,0.21490467937608318,0,1,0,0,0,0
BHMBCCMKT01,577,119,0,2,2016-11-07 16:00:51,0.20623916811091855,0,0,0,1,0,0
BHMBCCMKT01,577,118,0,2,2016-11-07 16:33:53,0.2045060658578856,0,1,0,0,0,0
BHMBCCMKT01,577,34,0,2,2016-11-08 07:59:58,0.058925476603119586,0,1,0,0,0,1
BHMBCCMKT01,577,36,0,1,2016-11-08 08:26:55,0.06239168110918544,0,1,0,0,0,1
BHMBCCMKT01,577,46,0,2,2016-11-08 08:59:56,0.07972270363951472,0,1,0,0,1,1
BHMBCCMKT01,577,68,0,2,2016-11-08 09:26:56,0.11785095320623917,0,0,0,1,0,1
BHMBCCMKT01,577,112,0,2,2016-11-08 09:59:56,0.19410745233968804,0,1,0,0,0,1
BHMBCCMKT01,577,150,0,5,2016-11-08 10:33:59,0.25996533795493937,0,0,1,0,1,1
BHMBCCMKT01,577,178,0,6,2016-11-08 11:00:00,0.30849220103986136,0,1,0,0,1,1
BHMBCCMKT01,577,196,0,8,2016-11-08 11:33:56,0.3396880415944541,0,0,1,0,2,1
BHMBCCMKT01,577,236,0,7,2016-11-08 11:59:58,0.4090121317157712,1,0,0,0,1,1
BHMBCCMKT01,577,250,0,11,2016-11-08 12:27:01,0.43327556325823224,0,0,1,0,2,1
BHMBCCMKT01,577,253,0,9,2016-11-08 13:00:00,0.43847487001733104,0,1,0,0,2,1
BHMBCCMKT01,577,237,0,10,2016-11-08 13:34:01,0.41074523396880414,0,1,0,0,2,1
BHMBCCMKT01,577,223,0,5,2016-11-08 14:00:59,0.38648180242634317,1,0,0,0,1,1
BHMBCCMKT01,577,196,0,4,2016-11-08 14:26:58,0.3396880415944541,0,1,0,0,1,1
BHMBCCMKT01,577,163,0,2,2016-11-08 15:00:02,0.2824956672443674,0,1,0,0,0,1
BHMBCCMKT01,577,144,0,4,2016-11-08 15:33:57,0.24956672443674177,0,1,0,0,1,1
BHMBCCMKT01,577,127,0,2,2016-11-08 16:01:02,0.22010398613518198,1,0,0,0,0,1
BHMBCCMKT01,577,106,0,2,2016-11-08 16:34:02,0.18370883882149047,0,1,0,0,0,1
BHMBCCMKT01,577,32,0,2,2016-11-09 08:00:02,0.05545927209705372,0,1,0,0,0,2
BHMBCCMKT01,577,37,0,1,2016-11-09 08:27:02,0.06412478336221837,0,0,1,0,0,2
BHMBCCMKT01,577,43,0,3,2016-11-09 09:00:07,0.07452339688041594,0,0,1,0,0,2
BHMBCCMKT01,577,61,0,2,2016-11-09 09:34:05,0.10571923743500866,0,1,0,0,0,2
BHMBCCMKT01,577,88,0,3,2016-11-09 10:00:05,0.15251299826689774,0,0,0,1,0,2
BHMBCCMKT01,577,107,0,4,2016-11-09 10:27:03,0.1854419410745234,0,1,0,0,0,2
BHMBCCMKT01,577,130,0,6,2016-11-09 11:00:04,0.22530329289428075,0,1,0,0,1,2
BHMBCCMKT01,577,151,0,8,2016-11-09 11:27:04,0.2616984402079723,0,1,0,0,2,2
BHMBCCMKT01,577,152,0,9,2016-11-09 12:00:06,0.2634315424610052,0,1,0,0,2,2
BHMBCCMKT01,577,160,0,9,2016-11-09 12:27:05,0.2772963604852686,0,0,1,0,2,2
BHMBCCMKT01,577,172,0,9,2016-11-09 13:00:08,0.29809358752166376,0,1,0,0,2,2
BHMBCCMKT01,577,172,0,9,2016-11-09 13:27:04,0.29809358752166376,0,0,0,1,2,2
BHMBCCMKT01,577,163,0,5,2016-11-09 14:00:04,0.2824956672443674,0,1,0,0,1,2
BHMBCCMKT01,577,152,0,4,2016-11-09 14:27:08,0.2634315424610052,0,1,0,0,1,2
BHMBCCMKT01,577,134,0,2,2016-11-09 15:00:06,0.2322357019064125,0,1,0,0,0,2
BHMBCCMKT01,577,124,0,3,2016-11-09 15:34:05,0.21490467937608318,1,0,0,0,0,2
BHMBCCMKT01,577,108,0,2,2016-11-09 16:00:09,0.18717504332755633,0,0,0,1,0,2
BHMBCCMKT01,577,94,0,3,2016-11-09 16:34:06,0.16291161178509533,0,0,1,0,0,2
BHMBCCMKT01,577,36,0,1,2016-11-10 08:00:12,0.06239168110918544,0,1,0,0,0,3
BHMBCCMKT01,577,41,0,2,2016-11-10 08:34:11,0.07105719237435008,1,0,0,0,0,3
BHMBCCMKT01,577,49,0,2,2016-11-10 09:00:09,0.08492201039861352,0,0,1,0,0,3
BHMBCCMKT01,577,65,0,2,2016-11-10 09:27:11,0.11265164644714037,0,1,0,0,0,3
BHMBCCMKT01,577,93,0,3,2016-11-10 10:00:12,0.1611785095320624,1,0,0,0,0,3
BHMBCCMKT01,577,126,0,3,2016-11-10 10:27:10,0.21837088388214904,0,1,0,0,0,3
BHMBCCMKT01,577,160,0,6,2016-11-10 11:00:12,0.2772963604852686,0,1,0,0,1,3
BHMBCCMKT01,577,186,0,6,2016-11-10 11:27:14,0.3223570190641248,0,0,1,0,1,3
BHMBCCMKT01,577,201,0,9,2016-11-10 12:00:10,0.3483535528596187,1,0,0,0,2,3
BHMBCCMKT01,577,208,0,9,2016-11-10 12:27:14,0.36048526863084923,0,1,0,0,2,3
BHMBCCMKT01,577,208,0,9,2016-11-10 13:00:13,0.36048526863084923,0,1,0,0,2,3
BHMBCCMKT01,577,200,0,10,2016-11-10 13:34:14,0.3466204506065858,0,1,0,0,2,3
BHMBCCMKT01,577,201,0,5,2016-11-10 14:00:15,0.3483535528596187,0,1,0,0,1,3
BHMBCCMKT01,577,190,0,4,2016-11-10 14:27:13,0.3292894280762565,0,1,0,0,1,3
BHMBCCMKT01,577,162,0,3,2016-11-10 15:00:13,0.2807625649913345,0,1,0,0,0,3
BHMBCCMKT01,577,153,0,3,2016-11-10 15:27:15,0.2651646447140381,0,1,0,0,0,3
BHMBCCMKT01,577,147,0,2,2016-11-10 16:00:15,0.25476603119584057,0,1,0,0,1,3
BHMBCCMKT01,577,136,0,2,2016-11-10 16:27:13,0.23570190641247835,1,0,0,0,0,3
BHMBCCMKT01,577,39,0,2,2016-11-11 08:00:17,0.06759098786828423,0,1,0,0,0,4
BHMBCCMKT01,577,42,0,2,2016-11-11 08:27:19,0.07279029462738301,0,1,0,0,0,4
BHMBCCMKT01,577,63,0,3,2016-11-11 09:00:19,0.10918544194107452,0,1,0,0,0,4
BHMBCCMKT01,577,82,0,3,2016-11-11 09:27:16,0.14211438474870017,0,1,0,0,0,4
BHMBCCMKT01,577,122,0,3,2016-11-11 10:00:16,0.21143847487001732,0,1,0,0,0,4
BHMBCCMKT01,577,147,0,3,2016-11-11 10:27:18,0.25476603119584057,0,1,0,0,0,4
BHMBCCMKT01,577,169,0,7,2016-11-11 11:00:18,0.292894280762565,0,0,0,1,1,4
BHMBCCMKT01,577,191,0,6,2016-11-11 11:27:18,0.3310225303292894,0,1,0,0,1,4
BHMBCCMKT01,577,188,0,7,2016-11-11 12:00:21,0.32582322357019067,0,1,0,0,1,4
BHMBCCMKT01,577,178,0,9,2016-11-11 12:27:21,0.30849220103986136,0,1,0,0,2,4
BHMBCCMKT01,577,164,0,6,2016-11-11 13:00:19,0.28422876949740034,0,1,0,0,1,4
BHMBCCMKT01,577,166,0,8,2016-11-11 13:34:21,0.2876949740034662,0,1,0,0,2,4
BHMBCCMKT01,577,170,0,4,2016-11-11 14:00:21,0.29462738301559793,0,1,0,0,1,4
BHMBCCMKT01,577,161,0,4,2016-11-11 14:27:18,0.27902946273830154,0,1,0,0,1,4
BHMBCCMKT01,577,162,0,3,2016-11-11 15:00:21,0.2807625649913345,0,1,0,0,0,4
BHMBCCMKT01,577,142,0,2,2016-11-11 15:34:20,0.24610051993067592,1,0,0,0,0,4
BHMBCCMKT01,577,138,0,2,2016-11-11 16:00:21,0.2391681109185442,0,1,0,0,1,4
BHMBCCMKT01,577,124,0,3,2016-11-11 16:34:18,0.21490467937608318,1,0,0,0,1,4
BHMBCCMKT01,577,33,0,1,2016-11-12 08:00:26,0.05719237435008666,0,1,0,0,0,5
BHMBCCMKT01,577,37,0,2,2016-11-12 08:27:25,0.06412478336221837,0,1,0,0,0,5
BHMBCCMKT01,577,50,0,1,2016-11-12 09:00:26,0.08665511265164645,1,0,0,0,0,5
BHMBCCMKT01,577,73,0,3,2016-11-12 09:27:26,0.1265164644714038,0,0,1,0,1,5
BHMBCCMKT01,577,124,0,4,2016-11-12 10:00:25,0.21490467937608318,0,1,0,0,0,5
BHMBCCMKT01,577,159,0,3,2016-11-12 10:27:27,0.2755632582322357,0,1,0,0,0,5
BHMBCCMKT01,577,212,0,6,2016-11-12 11:00:27,0.36741767764298094,0,1,0,0,1,5
BHMBCCMKT01,577,251,0,6,2016-11-12 11:34:23,0.43500866551126516,0,0,1,0,1,5
BHMBCCMKT01,577,291,0,7,2016-11-12 12:00:27,0.5043327556325823,0,1,0,0,1,5
BHMBCCMKT01,577,306,0,10,2016-11-12 12:27:23,0.5303292894280762,0,1,0,0,2,5
BHMBCCMKT01,577,321,0,9,2016-11-12 13:00:28,0.5563258232235702,0,1,0,0,2,5
BHMBCCMKT01,577,341,0,10,2016-11-12 13:27:27,0.5909878682842288,0,1,0,0,2,5
BHMBCCMKT01,577,383,0,6,2016-11-12 14:00:26,0.6637781629116117,0,1,0,0,1,5
BHMBCCMKT01,577,416,0,6,2016-11-12 14:27:28,0.7209705372616985,1,0,0,0,1,5
BHMBCCMKT01,577,449,0,4,2016-11-12 15:00:28,0.7781629116117851,0,0,0,1,0,5
BHMBCCMKT01,577,442,0,3,2016-11-12 15:27:27,0.7660311958405546,0,1,0,0,0,5
BHMBCCMKT01,577,418,0,3,2016-11-12 16:00:24,0.7244367417677643,0,1,0,0,1,5
BHMBCCMKT01,577,356,0,3,2016-11-12 16:34:28,0.6169844020797227,1,0,0,0,0,5
BHMBCCMKT01,577,23,1,1,2016-11-13 08:00:29,0.03986135181975736,0,1,0,0,0,6
BHMBCCMKT01,577,24,1,3,2016-11-13 08:27:31,0.0415944540727903,0,0,1,0,1,6
BHMBCCMKT01,577,27,1,2,2016-11-13 09:00:32,0.04679376083188908,0,1,0,0,0,6
BHMBCCMKT01,577,28,1,2,2016-11-13 09:34:15,0.04852686308492201,0,0,0,1,0,6
BHMBCCMKT01,577,32,1,4,2016-11-13 10:00:31,0.05545927209705372,0,1,0,0,0,6
BHMBCCMKT01,577,46,1,5,2016-11-13 10:33:32,0.07972270363951472,0,0,1,0,1,6
BHMBCCMKT01,577,69,1,7,2016-11-13 11:00:32,0.1195840554592721,0,0,1,0,1,6
BHMBCCMKT01,577,95,1,11,2016-11-13 11:27:32,0.16464471403812825,0,1,0,0,2,6
BHMBCCMKT01,577,128,1,12,2016-11-13 12:00:34,0.2218370883882149,1,0,0,0,2,6
BHMBCCMKT01,577,154,1,13,2016-11-13 12:27:31,0.2668977469670711,0,0,1,0,2,6
BHMBCCMKT01,577,191,1,13,2016-11-13 13:07:31,0.3310225303292894,0,1,0,0,2,6
BHMBCCMKT01,577,204,1,12,2016-11-13 13:33:34,0.3535528596187175,0,1,0,0,2,6
BHMBCCMKT01,577,220,1,7,2016-11-13 14:00:35,0.38128249566724437,1,0,0,0,1,6
BHMBCCMKT01,577,233,1,7,2016-11-13 14:27:35,0.4038128249566724,0,0,0,1,1,6
BHMBCCMKT01,577,220,1,5,2016-11-13 15:00:35,0.38128249566724437,1,0,0,0,0,6
BHMBCCMKT01,577,205,1,4,2016-11-13 15:27:35,0.35528596187175043,0,0,0,1,0,6
BHMBCCMKT01,577,170,1,4,2016-11-13 16:00:32,0.29462738301559793,0,1,0,0,1,6
BHMBCCMKT01,577,133,1,4,2016-11-13 16:27:34,0.23050259965337955,0,1,0,0,0,6
BHMBCCMKT01,577,31,0,1,2016-11-14 08:00:37,0.053726169844020795,0,1,0,0,0,0
BHMBCCMKT01,577,36,0,1,2016-11-14 08:33:40,0.06239168110918544,0,1,0,0,0,0
BHMBCCMKT01,577,42,0,1,2016-11-14 09:00:38,0.07279029462738301,0,0,0,1,0,0
BHMBCCMKT01,577,61,0,2,2016-11-14 09:27:40,0.10571923743500866,1,0,0,0,0,0
BHMBCCMKT01,577,85,0,3,2016-11-14 10:00:37,0.14731369150779897,0,0,0,1,0,0
BHMBCCMKT01,577,99,0,4,2016-11-14 10:27:38,0.17157712305025996,0,1,0,0,0,0
BHMBCCMKT01,577,129,0,5,2016-11-14 11:00:39,0.22357019064124783,0,1,0,0,1,0
BHMBCCMKT01,577,135,0,9,2016-11-14 11:27:40,0.2339688041594454,0,1,0,0,2,0
BHMBCCMKT01,577,158,0,9,2016-11-14 12:00:37,0.2738301559792028,0,1,0,0,2,0
BHMBCCMKT01,577,154,0,6,2016-11-14 12:27:39,0.2668977469670711,1,0,0,0,1,0
BHMBCCMKT01,577,163,0,8,2016-11-14 13:00:38,0.2824956672443674,0,1,0,0,2,0
BHMBCCMKT01,577,152,0,9,2016-11-14 13:27:41,0.2634315424610052,0,1,0,0,2,0
BHMBCCMKT01,577,143,0,5,2016-11-14 14:00:38,0.24783362218370883,0,1,0,0,1,0
BHMBCCMKT01,577,126,0,5,2016-11-14 14:33:40,0.21837088388214904,0,1,0,0,1,0
BHMBCCMKT01,577,121,0,3,2016-11-14 15:00:38,0.2097053726169844,0,1,0,0,0,0
BHMBCCMKT01,577,113,0,3,2016-11-14 15:27:42,0.19584055459272098,0,1,0,0,0,0
BHMBCCMKT01,577,103,0,2,2016-11-14 16:00:39,0.17850953206239167,1,0,0,0,0,0
BHMBCCMKT01,577,89,0,2,2016-11-14 16:27:39,0.15424610051993068,1,0,0,0,0,0
BHMBCCMKT01,577,32,0,2,2016-11-15 07:57:43,0.05545927209705372,0,0,1,0,0,1
BHMBCCMKT01,577,38,0,1,2016-11-15 08:30:47,0.0658578856152513,0,1,0,0,0,1
BHMBCCMKT01,577,47,0,1,2016-11-15 08:57:45,0.08145580589254767,1,0,0,0,0,1
BHMBCCMKT01,577,79,0,3,2016-11-15 09:30:46,0.1369150779896014,0,0,0,1,0,1
BHMBCCMKT01,577,113,0,3,2016-11-15 09:57:44,0.19584055459272098,0,1,0,0,0,1
BHMBCCMKT01,577,171,0,5,2016-11-15 10:30:47,0.29636048526863085,0,1,0,0,1,1
BHMBCCMKT01,577,209,0,6,2016-11-15 11:03:48,0.36221837088388215,0,1,0,0,1,1
BHMBCCMKT01,577,226,0,7,2016-11-15 11:30:46,0.39168110918544197,1,0,0,0,1,1
BHMBCCMKT01,577,227,0,6,2016-11-15 11:57:47,0.3934142114384749,0,1,0,0,1,1
BHMBCCMKT01,577,222,0,10,2016-11-15 12:30:45,0.3847487001733102,0,1,0,0,2,1
BHMBCCMKT01,577,230,0,10,2016-11-15 12:57:48,0.3986135181975737,0,1,0,0,2,1
BHMBCCMKT01,577,233,0,6,2016-11-15 13:30:48,0.4038128249566724,0,1,0,0,1,1
BHMBCCMKT01,577,248,0,5,2016-11-15 14:03:46,0.42980935875216636,0,0,0,1,1,1
BHMBCCMKT01,577,216,0,4,2016-11-15 14:30:48,0.37435008665511266,0,1,0,0,1,1
BHMBCCMKT01,577,170,0,3,2016-11-15 15:03:48,0.29462738301559793,0,1,0,0,0,1
BHMBCCMKT01,577,158,0,4,2016-11-15 15:30:49,0.2738301559792028,0,1,0,0,1,1
BHMBCCMKT01,577,136,0,3,2016-11-15 15:57:49,0.23570190641247835,0,1,0,0,0,1
BHMBCCMKT01,577,114,0,3,2016-11-15 16:30:46,0.1975736568457539,1,0,0,0,0,1
BHMBCCMKT01,577,38,0,2,2016-11-16 08:00:51,0.0658578856152513,0,1,0,0,0,2
BHMBCCMKT01,577,40,0,3,2016-11-16 08:27:50,0.06932409012131716,0,0,1,0,1,2
BHMBCCMKT01,577,54,0,1,2016-11-16 09:00:51,0.09358752166377816,0,1,0,0,0,2
BHMBCCMKT01,577,64,0,2,2016-11-16 09:27:53,0.11091854419410745,0,1,0,0,0,2
BHMBCCMKT01,577,99,0,3,2016-11-16 10:00:54,0.17157712305025996,1,0,0,0,0,2
BHMBCCMKT01,577,129,0,4,2016-11-16 10:33:53,0.22357019064124783,0,0,0,1,1,2
BHMBCCMKT01,577,149,0,6,2016-11-16 11:00:51,0.2582322357019064,0,0,0,1,1,2
BHMBCCMKT01,577,163,0,6,2016-11-16 11:27:51,0.2824956672443674,0,1,0,0,1,2
BHMBCCMKT01,577,174,0,9,2016-11-16 12:00:54,0.30155979202772965,0,1,0,0,2,2
BHMBCCMKT01,577,172,0,9,2016-11-16 12:27:54,0.29809358752166376,0,1,0,0,2,2
BHMBCCMKT01,577,176,0,8,2016-11-16 13:00:54,0.3050259965337955,1,0,0,0,2,2
BHMBCCMKT01,577,187,0,6,2016-11-16 13:27:55,0.3240901213171577,0,1,0,0,1,2
BHMBCCMKT01,577,182,0,4,2016-11-16 14:00:55,0.31542461005199307,1,0,0,0,1,2
BHMBCCMKT01,577,181,0,4,2016-11-16 14:27:52,0.31369150779896016,0,1,0,0,1,2
BHMBCCMKT01,577,159,0,2,2016-11-16 15:00:55,0.2755632582322357,1,0,0,0,0,2
BHMBCCMKT01,577,145,0,3,2016-11-16 15:33:56,0.2512998266897747,0,1,0,0,0,2
BHMBCCMKT01,577,140,0,2,2016-11-16 16:00:57,0.24263431542461006,0,0,0,1,0,2
BHMBCCMKT01,577,125,0,3,2016-11-16 16:33:57,0.21663778162911612,1,0,0,0,0,2
BHMBCCMKT01,577,34,0,2,2016-11-17 08:04:02,0.058925476603119586,0,1,0,0,0,3
BHMBCCMKT01,577,38,0,2,2016-11-17 08:31:01,0.0658578856152513,0,0,0,1,0,3
BHMBCCMKT01,577,51,0,2,2016-11-17 09:03:57,0.08838821490467938,0,1,0,0,0,3
BHMBCCMKT01,577,69,0,3,2016-11-17 09:31:01,0.1195840554592721,0,1,0,0,0,3
BHMBCCMKT01,577,108,0,2,2016-11-17 09:57:02,0.18717504332755633,0,1,0,0,0,3
BHMBCCMKT01,577,146,0,7,2016-11-17 10:31:02,0.2530329289428076,0,1,0,0,2,3
BHMBCCMKT01,577,182,0,7,2016-11-17 11:04:02,0.31542461005199307,1,0,0,0,1,3
BHMBCCMKT01,577,186,0,9,2016-11-17 11:31:02,0.3223570190641248,1,0,0,0,2,3
BHMBCCMKT01,577,209,0,10,2016-11-17 12:04:02,0.36221837088388215,0,1,0,0,2,3
BHMBCCMKT01,577,210,0,7,2016-11-17 12:31:03,0.36395147313691506,0,1,0,0,1,3
BHMBCCMKT01,577,214,0,9,2016-11-17 13:04:03,0.3708838821490468,0,1,0,0,2,3
BHMBCCMKT01,577,212,0,10,2016-11-17 13:31:03,0.36741767764298094,0,1,0,0,2,3
BHMBCCMKT01,577,193,0,5,2016-11-17 14:04:03,0.3344887348353553,0,1,0,0,1,3
BHMBCCMKT01,577,175,0,6,2016-11-17 14:30:59,0.30329289428076256,0,1,0,0,1,3
BHMBCCMKT01,577,150,0,5,2016-11-17 14:58:03,0.25996533795493937,0,0,0,1,1,3
BHMBCCMKT01,577,136,0,2,2016-11-17 15:30:59,0.23570190641247835,0,1,0,0,0,3
BHMBCCMKT01,577,130,0,3,2016-11-17 15:58:03,0.22530329289428075,0,1,0,0,0,3
BHMBCCMKT01,577,114,0,3,2016-11-17 16:31:04,0.1975736568457539,0,1,0,0,0,3
BHMBCCMKT01,577,35,0,2,2016-11-18 08:01:05,0.060658578856152515,0,1,0,0,0,4
BHMBCCMKT01,577,35,0,1,2016-11-18 08:01:05,0.060658578856152515,0,0,0,1,0,4
BHMBCCMKT01,577,37,0,1,2016-11-18 08:27:05,0.06412478336221837,1,0,0,0,0,4
BHMBCCMKT01,577,73,0,2,2016-11-18 09:27:07,0.1265164644714038,1,0,0,0,0,4
BHMBCCMKT01,577,117,0,3,2016-11-18 10:01:06,0.2027729636048527,0,1,0,0,0,4
BHMBCCMKT01,577,157,0,4,2016-11-18 10:27:05,0.2720970537261698,0,1,0,0,0,4
BHMBCCMKT01,577,194,0,6,2016-11-18 11:01:06,0.3362218370883882,0,1,0,0,1,4
BHMBCCMKT01,577,197,0,6,2016-11-18 11:34:08,0.341421143847487,0,1,0,0,1,4
BHMBCCMKT01,577,205,0,10,2016-11-18 12:01:06,0.35528596187175043,0,0,1,0,2,4
BHMBCCMKT01,577,193,0,10,2016-11-18 12:27:09,0.3344887348353553,0,1,0,0,2,4
BHMBCCMKT01,577,201,0,9,2016-11-18 13:01:10,0.3483535528596187,0,1,0,0,2,4
BHMBCCMKT01,577,217,0,9,2016-11-18 13:34:10,0.37608318890814557,0,1,0,0,2,4
BHMBCCMKT01,577,213,0,5,2016-11-18 14:01:10,0.36915077989601386,0,1,0,0,1,4
BHMBCCMKT01,577,196,0,5,2016-11-18 14:28:08,0.3396880415944541,0,0,0,1,1,4
BHMBCCMKT01,577,168,0,3,2016-11-18 15:01:07,0.29116117850953205,0,0,1,0,0,4
BHMBCCMKT01,577,164,0,2,2016-11-18 15:28:08,0.28422876949740034,0,1,0,0,0,4
BHMBCCMKT01,577,154,0,2,2016-11-18 16:01:10,0.2668977469670711,0,1,0,0,0,4
BHMBCCMKT01,577,140,0,2,2016-11-18 16:28:10,0.24263431542461006,0,1,0,0,0,4
BHMBCCMKT01,577,29,1,2,2016-11-19 07:57:12,0.05025996533795494,0,1,0,0,0,5
BHMBCCMKT01,577,34,1,2,2016-11-19 08:31:12,0.058925476603119586,1,0,0,0,0,5
BHMBCCMKT01,577,51,1,2,2016-11-19 08:57:12,0.08838821490467938,1,0,0,0,0,5
BHMBCCMKT01,577,102,1,4,2016-11-19 09:31:13,0.17677642980935876,0,1,0,0,0,5
BHMBCCMKT01,577,152,1,6,2016-11-19 10:04:14,0.2634315424610052,0,1,0,0,1,5
BHMBCCMKT01,577,196,1,7,2016-11-19 10:31:15,0.3396880415944541,1,0,0,0,1,5
BHMBCCMKT01,577,235,1,10,2016-11-19 10:58:15,0.4072790294627383,1,0,0,0,2,5
BHMBCCMKT01,577,269,1,9,2016-11-19 11:31:15,0.4662045060658579,0,0,0,1,1,5
BHMBCCMKT01,577,293,1,15,2016-11-19 12:04:16,0.5077989601386482,0,0,1,0,2,5
BHMBCCMKT01,577,340,1,15,2016-11-19 12:31:16,0.5892547660311959,0,0,0,1,2,5
BHMBCCMKT01,577,400,1,14,2016-11-19 13:04:16,0.6932409012131716,0,1,0,0,2,5
BHMBCCMKT01,577,429,1,14,2016-11-19 13:31:17,0.7435008665511266,0,1,0,0,2,5
BHMBCCMKT01,577,492,1,8,2016-11-19 14:04:17,0.8526863084922011,1,0,0,0,1,5
BHMBCCMKT01,577,473,1,8,2016-11-19 14:31:17,0.8197573656845754,0,0,1,0,1,5
BHMBCCMKT01,577,482,1,6,2016-11-19 15:04:16,0.8353552859618717,0,1,0,0,1,5
BHMBCCMKT01,577,489,1,5,2016-11-19 15:31:17,0.8474870017331022,0,1,0,0,0,5
BHMBCCMKT01,577,452,1,5,2016-11-19 16:04:17,0.7833622183708839,0,1,0,0,0,5
BHMBCCMKT01,577,431,1,4,2016-11-19 16:31:15,0.7469670710571924,1,0,0,0,0,5
BHMBCCMKT01,577,20,1,2,2016-11-20 08:01:19,0.03466204506065858,0,1,0,0,0,6
BHMBCCMKT01,577,22,1,2,2016-11-20 08:27:22,0.038128249566724434,0,1,0,0,0,6
BHMBCCMKT01,577,21,1,3,2016-11-20 09:01:19,0.036395147313691506,0,1,0,0,0,6
BHMBCCMKT01,577,24,1,3,2016-11-20 09:27:19,0.0415944540727903,0,1,0,0,1,6
BHMBCCMKT01,577,28,1,4,2016-11-20 10:01:20,0.04852686308492201,0,1,0,0,0,6
BHMBCCMKT01,577,44,1,3,2016-11-20 10:27:22,0.07625649913344887,0,1,0,0,0,6
BHMBCCMKT01,577,95,1,8,2016-11-20 11:01:22,0.16464471403812825,0,0,1,0,1,6
BHMBCCMKT01,577,128,1,8,2016-11-20 11:27:22,0.2218370883882149,0,1,0,0,1,6
BHMBCCMKT01,577,163,1,13,2016-11-20 12:01:20,0.2824956672443674,0,0,1,0,2,6
BHMBCCMKT01,577,194,1,14,2016-11-20 12:34:23,0.3362218370883882,0,1,0,0,2,6
BHMBCCMKT01,577,246,1,13,2016-11-20 13:07:23,0.42634315424610053,0,1,0,0,2,6
BHMBCCMKT01,577,268,1,14,2016-11-20 13:27:23,0.464471403812825,0,0,1,0,2,6
BHMBCCMKT01,577,307,1,8,2016-11-20 14:01:22,0.5320623916811091,0,1,0,0,1,6
BHMBCCMKT01,577,309,1,7,2016-11-20 14:27:22,0.5355285961871751,1,0,0,0,1,6
BHMBCCMKT01,577,290,1,4,2016-11-20 15:01:23,0.5025996533795494,0,1,0,0,0,6
BHMBCCMKT01,577,276,1,5,2016-11-20 15:27:24,0.4783362218370884,0,0,0,1,0,6
BHMBCCMKT01,577,231,1,4,2016-11-20 16:01:22,0.4003466204506066,0,0,1,0,0,6
BHMBCCMKT01,577,180,1,3,2016-11-20 16:31:21,0.3119584055459272,0,0,0,1,0,6
BHMBCCMKT01,577,26,0,1,2016-11-21 08:04:26,0.045060658578856154,0,1,0,0,0,0
BHMBCCMKT01,577,32,0,1,2016-11-21 08:31:30,0.05545927209705372,1,0,0,0,0,0
BHMBCCMKT01,577,39,0,1,2016-11-21 09:04:26,0.06759098786828423,0,0,1,0,0,0
BHMBCCMKT01,577,54,0,2,2016-11-21 09:31:26,0.09358752166377816,0,1,0,0,0,0
BHMBCCMKT01,577,78,0,3,2016-11-21 10:04:29,0.13518197573656845,0,1,0,0,0,0
BHMBCCMKT01,577,92,0,4,2016-11-21 10:31:26,0.15944540727902945,0,1,0,0,1,0
BHMBCCMKT01,577,99,0,5,2016-11-21 11:04:29,0.17157712305025996,0,0,1,0,1,0
BHMBCCMKT01,577,115,0,6,2016-11-21 11:30:28,0.19930675909878684,0,0,1,0,1,0
BHMBCCMKT01,577,122,0,6,2016-11-21 11:57:30,0.21143847487001732,0,1,0,0,1,0
BHMBCCMKT01,577,136,0,9,2016-11-21 12:31:29,0.23570190641247835,1,0,0,0,2,0
BHMBCCMKT01,577,146,0,10,2016-11-21 12:57:27,0.2530329289428076,1,0,0,0,2,0
BHMBCCMKT01,577,147,0,8,2016-11-21 13:31:30,0.25476603119584057,1,0,0,0,2,0
BHMBCCMKT01,577,138,0,4,2016-11-21 14:04:30,0.2391681109185442,0,1,0,0,1,0
BHMBCCMKT01,577,119,0,5,2016-11-21 14:31:30,0.20623916811091855,0,0,0,1,1,0
BHMBCCMKT01,577,111,0,6,2016-11-21 14:57:31,0.1923743500866551,0,1,0,0,2,0
BHMBCCMKT01,577,98,0,3,2016-11-21 15:31:28,0.16984402079722705,0,0,0,1,0,0
BHMBCCMKT01,577,93,0,3,2016-11-21 15:57:30,0.1611785095320624,0,1,0,0,1,0
BHMBCCMKT01,577,83,0,3,2016-11-21 16:31:30,0.1438474870017331,0,1,0,0,1,0
BHMBCCMKT01,577,24,0,2,2016-11-22 07:57:33,0.0415944540727903,1,0,0,0,1,1
BHMBCCMKT01,577,32,0,3,2016-11-22 08:31:33,0.05545927209705372,0,1,0,0,0,1
BHMBCCMKT01,577,45,0,2,2016-11-22 09:04:34,0.0779896013864818,0,0,0,1,0,1
BHMBCCMKT01,577,66,0,2,2016-11-22 09:31:35,0.11438474870017332,0,1,0,0,0,1
BHMBCCMKT01,577,116,0,3,2016-11-22 10:04:34,0.20103986135181975,0,1,0,0,0,1
BHMBCCMKT01,577,154,0,4,2016-11-22 10:31:37,0.2668977469670711,0,1,0,0,1,1
BHMBCCMKT01,577,188,0,6,2016-11-22 11:04:34,0.32582322357019067,1,0,0,0,1,1
BHMBCCMKT01,577,209,0,7,2016-11-22 11:31:35,0.36221837088388215,0,1,0,0,1,1
BHMBCCMKT01,577,228,0,11,2016-11-22 12:04:36,0.3951473136915078,0,1,0,0,2,1
BHMBCCMKT01,577,232,0,10,2016-11-22 12:31:37,0.4020797227036395,0,1,0,0,2,1
BHMBCCMKT01,577,234,0,10,2016-11-22 12:57:35,0.4055459272097054,0,1,0,0,2,1
BHMBCCMKT01,577,234,0,9,2016-11-22 13:31:38,0.4055459272097054,0,1,0,0,2,1
BHMBCCMKT01,577,227,0,6,2016-11-22 13:57:38,0.3934142114384749,0,0,1,0,1,1
BHMBCCMKT01,577,205,0,5,2016-11-22 14:31:37,0.35528596187175043,0,1,0,0,1,1
BHMBCCMKT01,577,175,0,5,2016-11-22 14:57:38,0.30329289428076256,1,0,0,0,1,1
BHMBCCMKT01,577,160,0,2,2016-11-22 15:31:37,0.2772963604852686,0,1,0,0,0,1
BHMBCCMKT01,577,137,0,4,2016-11-22 15:57:37,0.23743500866551126,0,1,0,0,1,1
BHMBCCMKT01,577,122,0,3,2016-11-22 16:30:38,0.21143847487001732,0,1,0,0,0,1
BHMBCCMKT01,577,28,0,1,2016-11-23 08:04:40,0.04852686308492201,0,1,0,0,0,2
BHMBCCMKT01,577,29,0,1,2016-11-23 08:30:41,0.05025996533795494,0,1,0,0,0,2
BHMBCCMKT01,577,34,0,2,2016-11-23 08:57:42,0.058925476603119586,1,0,0,0,0,2
BHMBCCMKT01,577,47,0,2,2016-11-23 09:31:23,0.08145580589254767,0,1,0,0,0,2
BHMBCCMKT01,577,72,0,3,2016-11-23 10:04:40,0.12478336221837089,1,0,0,0,0,2
BHMBCCMKT01,577,100,0,5,2016-11-23 10:31:36,0.1733102253032929,0,1,0,0,1,2
BHMBCCMKT01,577,128,0,6,2016-11-23 11:04:42,0.2218370883882149,1,0,0,0,1,2
BHMBCCMKT01,577,152,0,6,2016-11-23 11:31:44,0.2634315424610052,1,0,0,0,1,2
BHMBCCMKT01,577,166,0,5,2016-11-23 11:57:41,0.2876949740034662,0,1,0,0,1,2
BHMBCCMKT01,577,177,0,6,2016-11-23 12:31:44,0.30675909878682844,0,0,1,0,1,2
BHMBCCMKT01,577,187,0,6,2016-11-23 13:04:45,0.3240901213171577,0,1,0,0,1,2
BHMBCCMKT01,577,181,0,9,2016-11-23 13:31:41,0.31369150779896016,0,1,0,0,2,2
BHMBCCMKT01,577,177,0,6,2016-11-23 13:57:41,0.30675909878682844,0,0,1,0,1,2
BHMBCCMKT01,577,150,0,5,2016-11-23 14:30:43,0.25996533795493937,0,1,0,0,1,2
BHMBCCMKT01,577,126,0,3,2016-11-23 15:04:43,0.21837088388214904,0,0,1,0,0,2
BHMBCCMKT01,577,119,0,3,2016-11-23 15:31:42,0.20623916811091855,1,0,0,0,0,2
BHMBCCMKT01,577,102,0,4,2016-11-23 16:04:46,0.17677642980935876,0,1,0,0,1,2
BHMBCCMKT01,577,92,0,2,2016-11-23 16:30:42,0.15944540727902945,0,0,1,0,0,2
BHMBCCMKT01,577,32,0,1,2016-11-24 08:00:47,0.05545927209705372,0,1,0,0,0,3
BHMBCCMKT01,577,34,0,2,2016-11-24 08:27:47,0.058925476603119586,0,0,1,0,0,3
BHMBCCMKT01,577,52,0,3,2016-11-24 09:00:48,0.09012131715771231,1,0,0,0,1,3
BHMBCCMKT01,577,81,0,3,2016-11-24 09:34:49,0.14038128249566725,0,1,0,0,0,3
BHMBCCMKT01,577,110,0,4,2016-11-24 10:01:47,0.19064124783362218,0,1,0,0,0,3
BHMBCCMKT01,577,131,0,3,2016-11-24 10:27:47,0.2270363951473137,1,0,0,0,0,3
BHMBCCMKT01,577,167,0,6,2016-11-24 11:00:49,0.28942807625649913,0,1,0,0,1,3
BHMBCCMKT01,577,187,0,7,2016-11-24 11:27:51,0.3240901213171577,1,0,0,0,1,3
BHMBCCMKT01,577,200,0,7,2016-11-24 12:00:50,0.3466204506065858,0,1,0,0,1,3
BHMBCCMKT01,577,211,0,10,2016-11-24 12:30:48,0.36568457538994803,0,1,0,0,2,3
BHMBCCMKT01,577,230,0,9,2016-11-24 13:04:50,0.3986135181975737,0,1,0,0,2,3
BHMBCCMKT01,577,219,0,9,2016-11-24 13:30:51,0.37954939341421146,0,1,0,0,2,3
BHMBCCMKT01,577,214,0,7,2016-11-24 13:57:51,0.3708838821490468,0,1,0,0,1,3
BHMBCCMKT01,577,194,0,5,2016-11-24 14:30:52,0.3362218370883882,0,0,0,1,1,3
BHMBCCMKT01,577,176,0,5,2016-11-24 14:57:51,0.3050259965337955,0,1,0,0,1,3
BHMBCCMKT01,577,157,0,3,2016-11-24 15:31:49,0.2720970537261698,0,0,0,1,0,3
BHMBCCMKT01,577,147,0,3,2016-11-24 15:57:49,0.25476603119584057,0,0,1,0,0,3
BHMBCCMKT01,577,134,0,2,2016-11-24 16:31:53,0.2322357019064125,0,1,0,0,0,3
BHMBCCMKT01,577,44,0,2,2016-11-25 08:00:57,0.07625649913344887,0,1,0,0,0,4
BHMBCCMKT01,577,44,0,2,2016-11-25 08:00:57,0.07625649913344887,0,1,0,0,1,4
BHMBCCMKT01,577,60,0,2,2016-11-25 09:00:56,0.10398613518197573,0,1,0,0,0,4
BHMBCCMKT01,577,106,0,3,2016-11-25 09:27:55,0.18370883882149047,0,1,0,0,0,4
BHMBCCMKT01,577,222,0,4,2016-11-25 10:00:56,0.3847487001733102,0,0,1,0,0,4
BHMBCCMKT01,577,283,0,4,2016-11-25 10:27:56,0.4904679376083189,1,0,0,0,0,4
BHMBCCMKT01,577,331,0,6,2016-11-25 11:00:55,0.5736568457538995,0,1,0,0,1,4
BHMBCCMKT01,577,370,0,7,2016-11-25 11:27:55,0.6412478336221837,0,1,0,0,1,4
BHMBCCMKT01,577,380,0,11,2016-11-25 12:00:56,0.658578856152513,0,0,0,1,2,4
BHMBCCMKT01,577,390,0,12,2016-11-25 12:34:55,0.6759098786828422,0,1,0,0,2,4
BHMBCCMKT01,577,386,0,10,2016-11-25 13:00:58,0.6689774696707106,0,0,0,1,2,4
BHMBCCMKT01,577,384,0,10,2016-11-25 13:27:56,0.6655112651646448,0,1,0,0,2,4
BHMBCCMKT01,577,357,0,8,2016-11-25 14:00:58,0.6187175043327556,1,0,0,0,2,4
BHMBCCMKT01,577,355,0,6,2016-11-25 14:34:59,0.6152512998266898,1,0,0,0,1,4
BHMBCCMKT01,577,341,0,3,2016-11-25 15:00:56,0.5909878682842288,0,1,0,0,0,4
BHMBCCMKT01,577,333,0,4,2016-11-25 15:27:59,0.5771230502599654,0,1,0,0,1,4
BHMBCCMKT01,577,264,0,3,2016-11-25 16:00:59,0.45753899480069327,0,0,1,0,1,4
BHMBCCMKT01,577,248,0,3,2016-11-25 16:27:58,0.42980935875216636,0,1,0,0,0,4
BHMBCCMKT01,577,39,0,1,2016-11-26 08:01:01,0.06759098786828423,0,0,0,1,0,5
BHMBCCMKT01,577,41,0,2,2016-11-26 08:28:01,0.07105719237435008,0,1,0,0,0,5
BHMBCCMKT01,577,59,0,3,2016-11-26 09:01:01,0.1022530329289428,0,1,0,0,0,5
BHMBCCMKT01,577,111,0,2,2016-11-26 09:35:02,0.1923743500866551,0,1,0,0,0,5
BHMBCCMKT01,577,160,0,4,2016-11-26 10:01:04,0.2772963604852686,1,0,0,0,0,5
BHMBCCMKT01,577,195,0,5,2016-11-26 10:35:03,0.3379549393414211,0,1,0,0,1,5
BHMBCCMKT01,577,247,0,7,2016-11-26 11:01:03,0.42807625649913345,0,1,0,0,1,5
BHMBCCMKT01,577,298,0,6,2016-11-26 11:28:02,0.5164644714038128,0,0,1,0,1,5
BHMBCCMKT01,577,368,0,11,2016-11-26 12:01:04,0.6377816291161178,0,1,0,0,2,5
BHMBCCMKT01,577,428,0,11,2016-11-26 12:28:02,0.7417677642980935,0,1,0,0,2,5
BHMBCCMKT01,577,489,0,11,2016-11-26 13:01:03,0.8474870017331022,0,1,0,0,2,5
BHMBCCMKT01,577,508,0,10,2016-11-26 13:28:04,0.8804159445407279,0,1,0,0,2,5
BHMBCCMKT01,577,551,0,8,2016-11-26 14:01:02,0.9549393414211439,1,0,0,0,2,5
BHMBCCMKT01,577,573,0,7,2016-11-26 14:41:04,0.9930675909878682,0,1,0,0,1,5
BHMBCCMKT01,577,567,0,3,2016-11-26 15:01:02,0.9826689774696707,0,1,0,0,0,5
BHMBCCMKT01,577,551,0,3,2016-11-26 15:28:04,0.9549393414211439,0,1,0,0,0,5
BHMBCCMKT01,577,543,0,3,2016-11-26 16:01:04,0.9410745233968805,1,0,0,0,0,5
BHMBCCMKT01,577,501,0,3,2016-11-26 16:28:05,0.8682842287694974,0,1,0,0,1,5
BHMBCCMKT01,577,22,1,1,2016-11-27 08:02:24,0.038128249566724434,0,1,0,0,0,6
BHMBCCMKT01,577,22,1,2,2016-11-27 08:32:19,0.038128249566724434,1,0,0,0,0,6
BHMBCCMKT01,577,23,1,3,2016-11-27 09:02:19,0.03986135181975736,1,0,0,0,0,6
BHMBCCMKT01,577,24,1,2,2016-11-27 09:32:21,0.0415944540727903,0,1,0,0,0,6
BHMBCCMKT01,577,35,1,3,2016-11-27 10:01:19,0.060658578856152515,0,1,0,0,0,6
BHMBCCMKT01,577,65,1,6,2016-11-27 10:32:24,0.11265164644714037,0,1,0,0,1,6
BHMBCCMKT01,577,98,1,8,2016-11-27 11:01:24,0.16984402079722705,0,1,0,0,1,6
BHMBCCMKT01,577,147,1,8,2016-11-27 11:31:20,0.25476603119584057,0,1,0,0,1,6
BHMBCCMKT01,577,177,1,14,2016-11-27 12:01:25,0.30675909878682844,0,1,0,0,2,6
BHMBCCMKT01,577,223,1,9,2016-11-27 12:32:25,0.38648180242634317,1,0,0,0,1,6
BHMBCCMKT01,577,259,1,12,2016-11-27 13:08:25,0.4488734835355286,0,1,0,0,2,6
BHMBCCMKT01,577,291,1,13,2016-11-27 13:32:24,0.5043327556325823,1,0,0,0,2,6
BHMBCCMKT01,577,304,1,7,2016-11-27 14:02:23,0.5268630849220104,0,1,0,0,1,6
BHMBCCMKT01,577,300,1,11,2016-11-27 14:31:20,0.5199306759098787,0,0,1,0,2,6
BHMBCCMKT01,577,292,1,4,2016-11-27 15:01:22,0.5060658578856152,1,0,0,0,0,6
BHMBCCMKT01,577,283,1,5,2016-11-27 15:32:23,0.4904679376083189,0,1,0,0,0,6
BHMBCCMKT01,577,240,1,3,2016-11-27 16:01:23,0.41594454072790293,1,0,0,0,0,6
BHMBCCMKT01,577,199,1,4,2016-11-27 16:32:24,0.34488734835355284,0,1,0,0,0,6
BHMBCCMKT01,577,20,0,1,2016-11-28 08:01:27,0.03466204506065858,0,0,1,0,0,0
BHMBCCMKT01,577,28,0,2,2016-11-28 08:32:24,0.04852686308492201,0,1,0,0,0,0
BHMBCCMKT01,577,33,0,2,2016-11-28 09:02:28,0.05719237435008666,0,1,0,0,0,0
BHMBCCMKT01,577,51,0,2,2016-11-28 09:28:24,0.08838821490467938,0,0,1,0,0,0
BHMBCCMKT01,577,82,0,3,2016-11-28 10:01:29,0.14211438474870017,1,0,0,0,0,0
BHMBCCMKT01,577,112,0,5,2016-11-28 10:32:29,0.19410745233968804,0,1,0,0,1,0
BHMBCCMKT01,577,147,0,6,2016-11-28 11:01:30,0.25476603119584057,0,1,0,0,1,0
BHMBCCMKT01,577,187,0,7,2016-11-28 11:32:28,0.3240901213171577,0,1,0,0,1,0
BHMBCCMKT01,577,205,0,10,2016-11-28 12:01:27,0.35528596187175043,0,1,0,0,2,0
BHMBCCMKT01,577,217,0,10,2016-11-28 12:28:29,0.37608318890814557,0,1,0,0,2,0
BHMBCCMKT01,577,224,0,9,2016-11-28 13:02:26,0.3882149046793761,0,0,1,0,2,0
BHMBCCMKT01,577,224,0,10,2016-11-28 13:31:29,0.3882149046793761,0,1,0,0,2,0
BHMBCCMKT01,577,209,0,5,2016-11-28 14:02:29,0.36221837088388215,0,0,0,1,1,0
BHMBCCMKT01,577,199,0,6,2016-11-28 14:32:29,0.34488734835355284,0,1,0,0,1,0
BHMBCCMKT01,577,171,0,3,2016-11-28 15:02:29,0.29636048526863085,0,1,0,0,0,0
BHMBCCMKT01,577,150,0,2,2016-11-28 15:41:28,0.25996533795493937,0,1,0,0,0,0
BHMBCCMKT01,577,131,0,2,2016-11-28 16:02:30,0.2270363951473137,0,1,0,0,0,0
BHMBCCMKT01,577,133,0,2,2016-11-28 16:28:27,0.23050259965337955,0,1,0,0,0,0
BHMBCCMKT01,577,20,0,2,2016-11-29 07:55:29,0.03466204506065858,0,1,0,0,0,1
BHMBCCMKT01,577,24,0,1,2016-11-29 08:28:33,0.0415944540727903,0,0,0,1,0,1
BHMBCCMKT01,577,38,0,2,2016-11-29 09:02:35,0.0658578856152513,1,0,0,0,0,1
BHMBCCMKT01,577,53,0,1,2016-11-29 09:28:32,0.09185441941074524,0,0,1,0,0,1
BHMBCCMKT01,577,90,0,4,2016-11-29 10:01:30,0.1559792027729636,0,1,0,0,1,1
BHMBCCMKT01,577,132,0,3,2016-11-29 10:28:34,0.22876949740034663,0,1,0,0,1,1
BHMBCCMKT01,577,165,0,5,2016-11-29 11:01:36,0.28596187175043325,1,0,0,0,1,1
BHMBCCMKT01,577,188,0,6,2016-11-29 11:28:34,0.32582322357019067,1,0,0,0,1,1
BHMBCCMKT01,577,192,0,7,2016-11-29 11:55:30,0.3327556325823224,0,0,1,0,1,1
BHMBCCMKT01,577,206,0,10,2016-11-29 12:28:36,0.35701906412478335,1,0,0,0,2,1
BHMBCCMKT01,577,208,0,8,2016-11-29 13:02:35,0.36048526863084923,0,1,0,0,2,1
BHMBCCMKT01,577,206,0,9,2016-11-29 13:28:30,0.35701906412478335,0,1,0,0,2,1
BHMBCCMKT01,577,180,0,5,2016-11-29 14:01:32,0.3119584055459272,0,1,0,0,1,1
BHMBCCMKT01,577,169,0,4,2016-11-29 14:28:36,0.292894280762565,0,1,0,0,1,1
BHMBCCMKT01,577,152,0,5,2016-11-29 14:55:34,0.2634315424610052,0,0,1,0,1,1
BHMBCCMKT01,577,138,0,3,2016-11-29 15:28:35,0.2391681109185442,1,0,0,0,0,1
BHMBCCMKT01,577,128,0,2,2016-11-29 16:02:35,0.2218370883882149,0,1,0,0,0,1
BHMBCCMKT01,577,114,0,2,2016-11-29 16:28:34,0.1975736568457539,0,0,0,1,0,1
BHMBCCMKT01,577,17,0,1,2016-11-30 08:02:35,0.029462738301559793,0,1,0,0,0,2
BHMBCCMKT01,577,24,0,0,2016-11-30 08:28:35,0.0415944540727903,0,0,1,0,0,2
BHMBCCMKT01,577,35,0,2,2016-11-30 09:01:35,0.060658578856152515,0,1,0,0,0,2
BHMBCCMKT01,577,49,0,2,2016-11-30 09:28:40,0.08492201039861352,0,1,0,0,1,2
BHMBCCMKT01,577,81,0,3,2016-11-30 10:01:40,0.14038128249566725,0,1,0,0,0,2
BHMBCCMKT01,577,107,0,4,2016-11-30 10:28:38,0.1854419410745234,0,1,0,0,1,2
BHMBCCMKT01,577,134,0,7,2016-11-30 10:55:36,0.2322357019064125,0,1,0,0,2,2
BHMBCCMKT01,577,159,0,6,2016-11-30 11:28:40,0.2755632582322357,0,1,0,0,1,2
BHMBCCMKT01,577,182,0,9,2016-11-30 12:01:36,0.31542461005199307,0,0,1,0,2,2
BHMBCCMKT01,577,189,0,10,2016-11-30 12:28:37,0.3275563258232236,1,0,0,0,2,2
BHMBCCMKT01,577,204,0,9,2016-11-30 13:01:39,0.3535528596187175,1,0,0,0,2,2
BHMBCCMKT01,577,201,0,9,2016-11-30 13:28:41,0.3483535528596187,0,1,0,0,2,2
BHMBCCMKT01,577,196,0,5,2016-11-30 14:01:36,0.3396880415944541,0,1,0,0,1,2
BHMBCCMKT01,577,181,0,4,2016-11-30 14:28:40,0.31369150779896016,0,1,0,0,1,2
BHMBCCMKT01,577,154,0,3,2016-11-30 15:01:39,0.2668977469670711,0,0,1,0,0,2
BHMBCCMKT01,577,132,0,3,2016-11-30 15:28:40,0.22876949740034663,0,0,0,1,0,2
BHMBCCMKT01,577,114,0,3,2016-11-30 16:01:39,0.1975736568457539,0,0,0,1,0,2
BHMBCCMKT01,577,106,0,2,2016-11-30 16:28:40,0.18370883882149047,0,1,0,0,0,2
BHMBCCMKT01,577,22,0,2,2016-12-01 08:05:40,0.038128249566724434,0,0,0,1,1,3
BHMBCCMKT01,577,22,0,1,2016-12-01 08:25:46,0.038128249566724434,0,1,0,0,0,3
BHMBCCMKT01,577,31,0,3,2016-12-01 08:58:41,0.053726169844020795,0,0,0,1,1,3
BHMBCCMKT01,577,47,0,2,2016-12-01 09:25:44,0.08145580589254767,0,0,1,0,0,3
BHMBCCMKT01,577,94,0,3,2016-12-01 09:58:41,0.16291161178509533,0,1,0,0,0,3
BHMBCCMKT01,577,127,0,3,2016-12-01 10:25:43,0.22010398613518198,1,0,0,0,0,3
BHMBCCMKT01,577,153,0,5,2016-12-01 10:58:45,0.2651646447140381,1,0,0,0,1,3
BHMBCCMKT01,577,174,0,6,2016-12-01 11:32:41,0.30155979202772965,1,0,0,0,1,3
BHMBCCMKT01,577,196,0,6,2016-12-01 11:58:45,0.3396880415944541,0,1,0,0,1,3
BHMBCCMKT01,577,191,0,9,2016-12-01 12:25:45,0.3310225303292894,0,1,0,0,2,3
BHMBCCMKT01,577,207,0,10,2016-12-01 12:58:47,0.3587521663778163,0,1,0,0,2,3
BHMBCCMKT01,577,203,0,6,2016-12-01 13:25:45,0.35181975736568455,1,0,0,0,1,3
BHMBCCMKT01,577,190,0,6,2016-12-01 13:58:48,0.3292894280762565,0,1,0,0,1,3
BHMBCCMKT01,577,173,0,4,2016-12-01 14:25:46,0.29982668977469673,0,1,0,0,1,3
BHMBCCMKT01,577,168,0,5,2016-12-01 14:58:46,0.29116117850953205,0,1,0,0,1,3
BHMBCCMKT01,577,153,0,4,2016-12-01 15:25:42,0.2651646447140381,0,1,0,0,0,3
BHMBCCMKT01,577,123,0,4,2016-12-01 15:58:47,0.21317157712305027,1,0,0,0,1,3
BHMBCCMKT01,577,108,0,2,2016-12-01 16:25:44,0.18717504332755633,0,1,0,0,0,3
BHMBCCMKT01,577,18,0,1,2016-12-02 07:55:49,0.03119584055459272,0,0,0,1,0,4
BHMBCCMKT01,577,24,0,2,2016-12-02 08:28:48,0.0415944540727903,1,0,0,0,1,4
BHMBCCMKT01,577,40,0,2,2016-12-02 09:01:49,0.06932409012131716,0,1,0,0,0,4
BHMBCCMKT01,577,58,0,2,2016-12-02 09:28:50,0.10051993067590988,0,1,0,0,0,4
BHMBCCMKT01,577,91,0,3,2016-12-02 10:02:52,0.15771230502599654,0,1,0,0,0,4
BHMBCCMKT01,577,122,0,3,2016-12-02 10:28:53,0.21143847487001732,0,0,1,0,0,4
BHMBCCMKT01,577,155,0,6,2016-12-02 11:01:53,0.268630849220104,1,0,0,0,1,4
BHMBCCMKT01,577,181,0,6,2016-12-02 11:28:49,0.31369150779896016,0,0,1,0,1,4
BHMBCCMKT01,577,197,0,9,2016-12-02 12:01:51,0.341421143847487,0,1,0,0,2,4
BHMBCCMKT01,577,196,0,10,2016-12-02 12:28:52,0.3396880415944541,0,1,0,0,2,4
BHMBCCMKT01,577,200,0,9,2016-12-02 12:58:51,0.3466204506065858,1,0,0,0,2,4
BHMBCCMKT01,577,203,0,8,2016-12-02 13:25:52,0.35181975736568455,0,0,0,1,2,4
BHMBCCMKT01,577,196,0,6,2016-12-02 13:58:53,0.3396880415944541,0,1,0,0,1,4
BHMBCCMKT01,577,186,0,5,2016-12-02 14:25:50,0.3223570190641248,1,0,0,0,1,4
BHMBCCMKT01,577,175,0,5,2016-12-02 14:58:50,0.30329289428076256,0,1,0,0,1,4
BHMBCCMKT01,577,149,0,3,2016-12-02 15:31:52,0.2582322357019064,0,1,0,0,0,4
BHMBCCMKT01,577,131,0,3,2016-12-02 15:58:52,0.2270363951473137,0,0,1,0,0,4
BHMBCCMKT01,577,105,0,2,2016-12-02 16:32:54,0.18197573656845753,1,0,0,0,0,4
BHMBCCMKT01,577,11,0,1,2016-12-05 08:02:03,0.019064124783362217,0,1,0,0,0,0
BHMBCCMKT01,577,14,0,2,2016-12-05 08:29:08,0.024263431542461005,0,1,0,0,0,0
BHMBCCMKT01,577,26,0,2,2016-12-05 09:02:08,0.045060658578856154,0,1,0,0,0,0
BHMBCCMKT01,577,39,0,1,2016-12-05 09:29:08,0.06759098786828423,0,1,0,0,0,0
BHMBCCMKT01,577,63,0,4,2016-12-05 10:03:04,0.10918544194107452,0,0,1,0,0,0
BHMBCCMKT01,577,87,0,4,2016-12-05 10:29:08,0.15077989601386482,1,0,0,0,0,0
BHMBCCMKT01,577,113,0,5,2016-12-05 11:02:06,0.19584055459272098,0,1,0,0,1,0
BHMBCCMKT01,577,126,0,6,2016-12-05 11:29:09,0.21837088388214904,1,0,0,0,1,0
BHMBCCMKT01,577,148,0,6,2016-12-05 11:56:10,0.2564991334488735,0,0,1,0,1,0
BHMBCCMKT01,577,161,0,7,2016-12-05 12:29:10,0.27902946273830154,0,1,0,0,1,0
BHMBCCMKT01,577,172,0,8,2016-12-05 13:02:08,0.29809358752166376,0,0,0,1,2,0
BHMBCCMKT01,577,177,0,8,2016-12-05 13:29:09,0.30675909878682844,0,1,0,0,2,0
BHMBCCMKT01,577,170,0,5,2016-12-05 14:02:11,0.29462738301559793,0,1,0,0,1,0
BHMBCCMKT01,577,165,0,5,2016-12-05 14:29:08,0.28596187175043325,1,0,0,0,1,0
BHMBCCMKT01,577,149,0,3,2016-12-05 15:02:10,0.2582322357019064,0,0,0,1,0,0
BHMBCCMKT01,577,142,0,3,2016-12-05 15:29:11,0.24610051993067592,1,0,0,0,0,0
BHMBCCMKT01,577,106,0,2,2016-12-05 16:02:11,0.18370883882149047,0,0,0,1,0,0
BHMBCCMKT01,577,95,0,1,2016-12-05 16:29:05,0.16464471403812825,0,0,0,1,0,0
BHMBCCMKT01,577,11,0,1,2016-12-06 07:56:10,0.019064124783362217,0,1,0,0,0,1
BHMBCCMKT01,577,11,0,0,2016-12-06 08:29:11,0.019064124783362217,0,0,0,1,0,1
BHMBCCMKT01,577,22,0,1,2016-12-06 08:56:10,0.038128249566724434,0,1,0,0,0,1
BHMBCCMKT01,577,39,0,1,2016-12-06 09:29:14,0.06759098786828423,1,0,0,0,0,1
BHMBCCMKT01,577,83,0,3,2016-12-06 10:02:12,0.1438474870017331,0,1,0,0,1,1
BHMBCCMKT01,577,120,0,4,2016-12-06 10:29:11,0.20797227036395147,0,1,0,0,0,1
BHMBCCMKT01,577,194,0,9,2016-12-06 11:02:16,0.3362218370883882,0,0,1,0,2,1
BHMBCCMKT01,577,220,0,6,2016-12-06 11:29:14,0.38128249566724437,0,1,0,0,1,1
BHMBCCMKT01,577,226,0,6,2016-12-06 11:56:16,0.39168110918544197,0,0,0,1,1,1
BHMBCCMKT01,577,240,0,10,2016-12-06 12:29:11,0.41594454072790293,1,0,0,0,2,1
BHMBCCMKT01,577,238,0,10,2016-12-06 12:56:16,0.4124783362218371,0,1,0,0,2,1
BHMBCCMKT01,577,229,0,8,2016-12-06 13:29:16,0.3968804159445407,0,0,0,1,2,1
BHMBCCMKT01,577,208,0,5,2016-12-06 14:02:16,0.36048526863084923,0,0,0,1,1,1
BHMBCCMKT01,577,199,0,5,2016-12-06 14:29:14,0.34488734835355284,0,0,0,1,1,1
BHMBCCMKT01,577,178,0,3,2016-12-06 15:02:17,0.30849220103986136,0,1,0,0,1,1
BHMBCCMKT01,577,150,0,3,2016-12-06 15:29:17,0.25996533795493937,0,0,0,1,0,1
BHMBCCMKT01,577,128,0,3,2016-12-06 16:02:16,0.2218370883882149,0,1,0,0,0,1
BHMBCCMKT01,577,111,0,2,2016-12-06 16:29:16,0.1923743500866551,1,0,0,0,0,1
BHMBCCMKT01,577,11,0,1,2016-12-07 07:59:16,0.019064124783362217,0,1,0,0,0,2
BHMBCCMKT01,577,15,0,1,2016-12-07 08:26:20,0.025996533795493933,0,1,0,0,0,2
BHMBCCMKT01,577,20,0,1,2016-12-07 08:55:20,0.03466204506065858,1,0,0,0,0,2
BHMBCCMKT01,577,34,0,3,2016-12-07 09:26:22,0.058925476603119586,0,1,0,0,1,2
BHMBCCMKT01,577,68,0,2,2016-12-07 09:59:20,0.11785095320623917,0,1,0,0,0,2
BHMBCCMKT01,577,97,0,4,2016-12-07 10:26:21,0.1681109185441941,1,0,0,0,0,2
BHMBCCMKT01,577,136,0,5,2016-12-07 10:59:20,0.23570190641247835,0,1,0,0,1,2
BHMBCCMKT01,577,150,0,8,2016-12-07 11:25:22,0.25996533795493937,0,1,0,0,2,2
BHMBCCMKT01,577,177,0,6,2016-12-07 11:59:20,0.30675909878682844,0,1,0,0,1,2
BHMBCCMKT01,577,172,0,9,2016-12-07 12:26:21,0.29809358752166376,0,0,1,0,2,2
BHMBCCMKT01,577,178,0,9,2016-12-07 12:59:22,0.30849220103986136,0,0,1,0,2,2
BHMBCCMKT01,577,183,0,9,2016-12-07 13:26:23,0.317157712305026,0,1,0,0,2,2
BHMBCCMKT01,577,174,0,6,2016-12-07 13:59:22,0.30155979202772965,0,0,0,1,1,2
BHMBCCMKT01,577,157,0,5,2016-12-07 14:26:23,0.2720970537261698,1,0,0,0,1,2
BHMBCCMKT01,577,137,0,5,2016-12-07 14:59:22,0.23743500866551126,0,1,0,0,1,2
BHMBCCMKT01,577,125,0,3,2016-12-07 15:32:22,0.21663778162911612,1,0,0,0,0,2
BHMBCCMKT01,577,115,0,3,2016-12-07 15:59:23,0.19930675909878684,0,1,0,0,0,2
BHMBCCMKT01,577,103,0,1,2016-12-07 16:32:23,0.17850953206239167,0,1,0,0,0,2
BHMBCCMKT01,577,14,0,1,2016-12-08 07:59:25,0.024263431542461005,0,1,0,0,0,3
BHMBCCMKT01,577,17,0,1,2016-12-08 08:26:27,0.029462738301559793,0,0,1,0,0,3
BHMBCCMKT01,577,26,0,2,2016-12-08 08:59:24,0.045060658578856154,0,1,0,0,0,3
BHMBCCMKT01,577,44,0,1,2016-12-08 09:26:27,0.07625649913344887,0,0,1,0,0,3
BHMBCCMKT01,577,82,0,3,2016-12-08 09:59:28,0.14211438474870017,0,1,0,0,0,3
BHMBCCMKT01,577,124,0,4,2016-12-08 10:32:22,0.21490467937608318,0,1,0,0,1,3
BHMBCCMKT01,577,159,0,7,2016-12-08 10:59:25,0.2755632582322357,1,0,0,0,2,3
BHMBCCMKT01,577,186,0,6,2016-12-08 11:32:28,0.3223570190641248,1,0,0,0,1,3
BHMBCCMKT01,577,209,0,7,2016-12-08 11:59:28,0.36221837088388215,0,1,0,0,1,3
BHMBCCMKT01,577,219,0,9,2016-12-08 12:25:24,0.37954939341421146,0,0,0,1,2,3
BHMBCCMKT01,577,223,0,10,2016-12-08 12:59:24,0.38648180242634317,0,0,0,1,2,3
BHMBCCMKT01,577,216,0,10,2016-12-08 13:25:28,0.37435008665511266,0,0,1,0,2,3
BHMBCCMKT01,577,215,0,6,2016-12-08 13:59:28,0.37261698440207974,0,1,0,0,1,3
BHMBCCMKT01,577,196,0,5,2016-12-08 14:26:29,0.3396880415944541,0,1,0,0,1,3
BHMBCCMKT01,577,169,0,5,2016-12-08 14:59:29,0.292894280762565,0,1,0,0,1,3
BHMBCCMKT01,577,148,0,3,2016-12-08 15:26:23,0.2564991334488735,0,1,0,0,0,3
BHMBCCMKT01,577,138,0,3,2016-12-08 15:59:27,0.2391681109185442,0,0,0,1,0,3
BHMBCCMKT01,577,105,0,2,2016-12-08 16:32:27,0.18197573656845753,0,0,0,1,0,3
BHMBCCMKT01,577,12,0,2,2016-12-09 08:02:30,0.02079722703639515,0,1,0,0,0,4
BHMBCCMKT01,577,19,0,2,2016-12-09 08:29:28,0.03292894280762565,0,1,0,0,1,4
BHMBCCMKT01,577,27,0,2,2016-12-09 08:55:33,0.04679376083188908,0,1,0,0,1,4
BHMBCCMKT01,577,58,0,3,2016-12-09 09:29:31,0.10051993067590988,1,0,0,0,0,4
BHMBCCMKT01,577,89,0,3,2016-12-09 09:55:30,0.15424610051993068,0,1,0,0,0,4
BHMBCCMKT01,577,133,0,4,2016-12-09 10:29:29,0.23050259965337955,0,1,0,0,0,4
BHMBCCMKT01,577,161,0,5,2016-12-09 10:56:33,0.27902946273830154,0,1,0,0,1,4
BHMBCCMKT01,577,190,0,6,2016-12-09 11:29:33,0.3292894280762565,1,0,0,0,1,4
BHMBCCMKT01,577,205,0,7,2016-12-09 11:56:32,0.35528596187175043,1,0,0,0,1,4
BHMBCCMKT01,577,203,0,9,2016-12-09 12:29:31,0.35181975736568455,0,0,0,1,2,4
BHMBCCMKT01,577,210,0,9,2016-12-09 13:02:32,0.36395147313691506,1,0,0,0,2,4
BHMBCCMKT01,577,209,0,9,2016-12-09 13:29:31,0.36221837088388215,0,1,0,0,2,4
BHMBCCMKT01,577,217,0,5,2016-12-09 14:02:34,0.37608318890814557,1,0,0,0,1,4
BHMBCCMKT01,577,217,0,5,2016-12-09 14:29:33,0.37608318890814557,0,0,1,0,1,4
BHMBCCMKT01,577,200,0,5,2016-12-09 14:56:31,0.3466204506065858,0,0,1,0,1,4
BHMBCCMKT01,577,162,0,4,2016-12-09 15:29:34,0.2807625649913345,1,0,0,0,1,4
BHMBCCMKT01,577,157,0,3,2016-12-09 16:02:32,0.2720970537261698,0,1,0,0,0,4
BHMBCCMKT01,577,136,0,2,2016-12-09 16:29:30,0.23570190641247835,1,0,0,0,0,4
BHMBCCMKT01,577,7,0,1,2016-12-10 07:59:34,0.012131715771230503,0,0,0,1,1,5
BHMBCCMKT01,577,14,0,2,2016-12-10 08:29:33,0.024263431542461005,0,1,0,0,1,5
BHMBCCMKT01,577,45,0,3,2016-12-10 09:02:35,0.0779896013864818,0,1,0,0,0,5
BHMBCCMKT01,577,84,0,2,2016-12-10 09:29:38,0.14558058925476602,0,1,0,0,0,5
BHMBCCMKT01,577,124,0,3,2016-12-10 09:55:38,0.21490467937608318,0,1,0,0,0,5
BHMBCCMKT01,577,165,0,4,2016-12-10 10:29:38,0.28596187175043325,0,1,0,0,0,5
BHMBCCMKT01,577,201,0,6,2016-12-10 11:02:39,0.3483535528596187,1,0,0,0,1,5
BHMBCCMKT01,577,244,0,7,2016-12-10 11:29:39,0.42287694974003465,0,1,0,0,1,5
BHMBCCMKT01,577,294,0,10,2016-12-10 12:02:38,0.5095320623916811,0,1,0,0,2,5
BHMBCCMKT01,577,344,0,11,2016-12-10 12:29:40,0.5961871750433275,0,0,0,1,2,5
BHMBCCMKT01,577,383,0,11,2016-12-10 12:55:40,0.6637781629116117,0,1,0,0,2,5
BHMBCCMKT01,577,408,0,10,2016-12-10 13:29:39,0.707105719237435,0,1,0,0,2,5
BHMBCCMKT01,577,455,0,7,2016-12-10 13:56:35,0.7885615251299827,0,1,0,0,1,5
BHMBCCMKT01,577,467,0,5,2016-12-10 14:25:37,0.8093587521663779,0,1,0,0,1,5
BHMBCCMKT01,577,476,0,4,2016-12-10 15:02:39,0.8249566724436742,0,1,0,0,0,5
BHMBCCMKT01,577,458,0,3,2016-12-10 15:25:39,0.7937608318890814,1,0,0,0,0,5
BHMBCCMKT01,577,453,0,3,2016-12-10 15:59:39,0.7850953206239168,0,1,0,0,0,5
BHMBCCMKT01,577,420,0,3,2016-12-10 16:25:40,0.7279029462738301,1,0,0,0,1,5
BHMBCCMKT01,577,3,1,0,2016-12-11 08:02:39,0.005199306759098787,0,1,0,0,0,6
BHMBCCMKT01,577,2,1,0,2016-12-11 08:25:43,0.0034662045060658577,0,1,0,0,0,6
BHMBCCMKT01,577,3,1,2,2016-12-11 08:59:45,0.005199306759098787,1,0,0,0,0,6
BHMBCCMKT01,577,5,1,2,2016-12-11 09:26:44,0.008665511265164644,0,0,1,0,0,6
BHMBCCMKT01,577,11,1,2,2016-12-11 09:59:44,0.019064124783362217,0,0,1,0,0,6
BHMBCCMKT01,577,35,1,5,2016-12-11 10:25:42,0.060658578856152515,0,0,0,1,0,6
BHMBCCMKT01,577,82,1,6,2016-12-11 10:59:45,0.14211438474870017,0,1,0,0,1,6
BHMBCCMKT01,577,117,1,8,2016-12-11 11:26:10,0.2027729636048527,0,1,0,0,1,6
BHMBCCMKT01,577,162,1,7,2016-12-11 11:59:45,0.2807625649913345,0,1,0,0,1,6
BHMBCCMKT01,577,204,1,15,2016-12-11 12:32:41,0.3535528596187175,0,1,0,0,2,6
BHMBCCMKT01,577,257,1,12,2016-12-11 13:05:46,0.44540727902946275,0,1,0,0,2,6
BHMBCCMKT01,577,288,1,9,2016-12-11 13:26:45,0.49913344887348354,0,1,0,0,1,6
BHMBCCMKT01,577,314,1,10,2016-12-11 13:59:44,0.5441941074523396,0,1,0,0,1,6
BHMBCCMKT01,577,324,1,9,2016-12-11 14:32:44,0.561525129982669,0,1,0,0,1,6
BHMBCCMKT01,577,325,1,8,2016-12-11 14:59:43,0.5632582322357019,1,0,0,0,1,6
BHMBCCMKT01,577,324,1,5,2016-12-11 15:25:45,0.561525129982669,0,1,0,0,0,6
BHMBCCMKT01,577,285,1,5,2016-12-11 15:59:46,0.49393414211438474,0,1,0,0,0,6
BHMBCCMKT01,577,255,1,4,2016-12-11 16:25:46,0.44194107452339687,1,0,0,0,0,6
BHMBCCMKT01,577,7,0,1,2016-12-12 08:02:45,0.012131715771230503,0,1,0,0,0,0
BHMBCCMKT01,577,11,0,1,2016-12-12 08:29:50,0.019064124783362217,0,0,1,0,0,0
BHMBCCMKT01,577,23,0,2,2016-12-12 09:02:45,0.03986135181975736,1,0,0,0,0,0
BHMBCCMKT01,577,40,0,2,2016-12-12 09:29:48,0.06932409012131716,0,1,0,0,0,0
BHMBCCMKT01,577,75,0,3,2016-12-12 10:02:49,0.12998266897746968,0,0,1,0,0,0
BHMBCCMKT01,577,99,0,3,2016-12-12 10:29:50,0.17157712305025996,0,1,0,0,0,0
BHMBCCMKT01,577,142,0,5,2016-12-12 11:02:50,0.24610051993067592,0,1,0,0,1,0
BHMBCCMKT01,577,157,0,6,2016-12-12 11:29:51,0.2720970537261698,0,0,1,0,1,0
BHMBCCMKT01,577,157,0,6,2016-12-12 11:55:49,0.2720970537261698,0,0,0,1,1,0
BHMBCCMKT01,577,167,0,9,2016-12-12 12:29:50,0.28942807625649913,1,0,0,0,2,0
BHMBCCMKT01,577,181,0,10,2016-12-12 12:56:46,0.31369150779896016,0,1,0,0,2,0
BHMBCCMKT01,577,189,0,9,2016-12-12 13:29:50,0.3275563258232236,0,1,0,0,2,0
BHMBCCMKT01,577,184,0,7,2016-12-12 14:02:50,0.3188908145580589,1,0,0,0,2,0
BHMBCCMKT01,577,165,0,4,2016-12-12 14:29:49,0.28596187175043325,0,0,1,0,1,0
BHMBCCMKT01,577,159,0,4,2016-12-12 14:55:51,0.2755632582322357,0,1,0,0,1,0
BHMBCCMKT01,577,131,0,3,2016-12-12 15:29:47,0.2270363951473137,0,0,0,1,0,0
BHMBCCMKT01,577,115,0,2,2016-12-12 15:56:51,0.19930675909878684,1,0,0,0,0,0
BHMBCCMKT01,577,95,0,2,2016-12-12 16:29:51,0.16464471403812825,0,1,0,0,0,0
BHMBCCMKT01,577,14,0,1,2016-12-13 08:02:51,0.024263431542461005,0,1,0,0,0,1
BHMBCCMKT01,577,20,0,1,2016-12-13 08:29:53,0.03466204506065858,0,1,0,0,0,1
BHMBCCMKT01,577,33,0,2,2016-12-13 09:02:55,0.05719237435008666,0,1,0,0,0,1
BHMBCCMKT01,577,59,0,2,2016-12-13 09:29:54,0.1022530329289428,0,1,0,0,0,1
BHMBCCMKT01,577,91,0,2,2016-12-13 09:55:56,0.15771230502599654,0,1,0,0,0,1
BHMBCCMKT01,577,132,0,5,2016-12-13 10:29:54,0.22876949740034663,0,1,0,0,1,1
BHMBCCMKT01,577,175,0,5,2016-12-13 11:02:54,0.30329289428076256,0,1,0,0,1,1
BHMBCCMKT01,577,185,0,6,2016-12-13 11:29:55,0.32062391681109187,1,0,0,0,1,1
BHMBCCMKT01,577,209,0,10,2016-12-13 12:02:55,0.36221837088388215,0,1,0,0,2,1
BHMBCCMKT01,577,216,0,10,2016-12-13 12:29:55,0.37435008665511266,0,0,0,1,2,1
BHMBCCMKT01,577,227,0,9,2016-12-13 13:02:55,0.3934142114384749,0,1,0,0,2,1
BHMBCCMKT01,577,210,0,7,2016-12-13 13:55:56,0.36395147313691506,0,0,0,1,1,1
BHMBCCMKT01,577,181,0,5,2016-12-13 14:29:57,0.31369150779896016,0,1,0,0,1,1
BHMBCCMKT01,577,159,0,4,2016-12-13 14:56:52,0.2755632582322357,0,1,0,0,1,1
BHMBCCMKT01,577,129,0,3,2016-12-13 15:28:52,0.22357019064124783,0,1,0,0,0,1
BHMBCCMKT01,577,103,0,2,2016-12-13 16:02:56,0.17850953206239167,0,1,0,0,0,1
BHMBCCMKT01,577,88,0,2,2016-12-13 16:29:56,0.15251299826689774,0,0,1,0,0,1
BHMBCCMKT01,577,14,0,1,2016-12-14 08:03:01,0.024263431542461005,0,1,0,0,1,2
BHMBCCMKT01,577,18,0,1,2016-12-14 08:43:00,0.03119584055459272,0,1,0,0,0,2
BHMBCCMKT01,577,22,0,1,2016-12-14 09:03:01,0.038128249566724434,1,0,0,0,0,2
BHMBCCMKT01,577,42,0,1,2016-12-14 09:29:57,0.07279029462738301,0,1,0,0,0,2
BHMBCCMKT01,577,80,0,5,2016-12-14 10:02:59,0.1386481802426343,0,1,0,0,1,2
BHMBCCMKT01,577,103,0,4,2016-12-14 10:30:01,0.17850953206239167,0,0,0,1,1,2
BHMBCCMKT01,577,149,0,6,2016-12-14 11:30:01,0.2582322357019064,0,0,1,0,1,2
BHMBCCMKT01,577,170,0,9,2016-12-14 12:02:58,0.29462738301559793,1,0,0,0,2,2
BHMBCCMKT01,577,177,0,10,2016-12-14 12:30:00,0.30675909878682844,0,1,0,0,2,2
BHMBCCMKT01,577,200,0,9,2016-12-14 13:03:02,0.3466204506065858,1,0,0,0,2,2
BHMBCCMKT01,577,206,0,9,2016-12-14 13:29:57,0.35701906412478335,0,1,0,0,2,2
BHMBCCMKT01,577,198,0,7,2016-12-14 14:03:00,0.3431542461005199,0,1,0,0,2,2
BHMBCCMKT01,577,173,0,5,2016-12-14 14:30:01,0.29982668977469673,1,0,0,0,1,2
BHMBCCMKT01,577,161,0,4,2016-12-14 14:56:03,0.27902946273830154,0,1,0,0,1,2
BHMBCCMKT01,577,142,0,4,2016-12-14 15:30:00,0.24610051993067592,0,1,0,0,0,2
BHMBCCMKT01,577,145,0,2,2016-12-14 15:56:02,0.2512998266897747,0,1,0,0,0,2
BHMBCCMKT01,577,134,0,3,2016-12-14 16:30:00,0.2322357019064125,0,0,0,1,1,2
BHMBCCMKT01,577,14,0,1,2016-12-15 07:57:02,0.024263431542461005,0,1,0,0,0,3
BHMBCCMKT01,577,19,0,1,2016-12-15 08:30:06,0.03292894280762565,0,1,0,0,0,3
BHMBCCMKT01,577,31,0,2,2016-12-15 09:03:06,0.053726169844020795,0,1,0,0,0,3
BHMBCCMKT01,577,63,0,2,2016-12-15 09:30:04,0.10918544194107452,0,1,0,0,0,3
BHMBCCMKT01,577,100,0,3,2016-12-15 09:57:02,0.1733102253032929,0,0,0,1,0,3
BHMBCCMKT01,577,137,0,4,2016-12-15 10:30:07,0.23743500866551126,0,1,0,0,1,3
BHMBCCMKT01,577,169,0,6,2016-12-15 11:03:05,0.292894280762565,0,1,0,0,1,3
BHMBCCMKT01,577,185,0,10,2016-12-15 11:26:03,0.32062391681109187,0,1,0,0,2,3
BHMBCCMKT01,577,215,0,10,2016-12-15 12:00:02,0.37261698440207974,1,0,0,0,2,3
BHMBCCMKT01,577,228,0,6,2016-12-15 12:26:03,0.3951473136915078,0,1,0,0,1,3
BHMBCCMKT01,577,219,0,9,2016-12-15 13:00:07,0.37954939341421146,1,0,0,0,2,3
BHMBCCMKT01,577,207,0,10,2016-12-15 13:26:08,0.3587521663778163,0,1,0,0,2,3
BHMBCCMKT01,577,203,0,5,2016-12-15 14:00:06,0.35181975736568455,0,1,0,0,1,3
BHMBCCMKT01,577,183,0,6,2016-12-15 14:26:06,0.317157712305026,0,0,0,1,1,3
BHMBCCMKT01,577,164,0,4,2016-12-15 15:00:07,0.28422876949740034,0,1,0,0,0,3
BHMBCCMKT01,577,148,0,2,2016-12-15 15:26:03,0.2564991334488735,0,1,0,0,0,3
BHMBCCMKT01,577,140,0,2,2016-12-15 16:03:03,0.24263431542461006,0,1,0,0,0,3
BHMBCCMKT01,577,130,0,3,2016-12-15 16:30:07,0.22530329289428075,0,1,0,0,0,3
BHMBCCMKT01,577,11,0,1,2016-12-16 07:59:09,0.019064124783362217,0,0,0,1,0,4
BHMBCCMKT01,577,19,0,1,2016-12-16 08:30:12,0.03292894280762565,0,1,0,0,0,4
BHMBCCMKT01,577,35,0,2,2016-12-16 09:03:07,0.060658578856152515,0,1,0,0,0,4
BHMBCCMKT01,577,68,0,2,2016-12-16 09:30:12,0.11785095320623917,1,0,0,0,0,4
BHMBCCMKT01,577,104,0,3,2016-12-16 10:03:09,0.18024263431542462,0,1,0,0,0,4
BHMBCCMKT01,577,130,0,3,2016-12-16 10:29:08,0.22530329289428075,0,1,0,0,0,4
BHMBCCMKT01,577,153,0,8,2016-12-16 11:03:08,0.2651646447140381,0,1,0,0,2,4
BHMBCCMKT01,577,166,0,6,2016-12-16 11:30:10,0.2876949740034662,0,0,1,0,1,4
BHMBCCMKT01,577,176,0,6,2016-12-16 11:56:10,0.3050259965337955,0,1,0,0,1,4
BHMBCCMKT01,577,179,0,9,2016-12-16 12:30:11,0.31022530329289427,0,0,1,0,2,4
BHMBCCMKT01,577,172,0,10,2016-12-16 12:56:12,0.29809358752166376,0,1,0,0,2,4
BHMBCCMKT01,577,185,0,9,2016-12-16 13:30:12,0.32062391681109187,0,0,0,1,2,4
BHMBCCMKT01,577,182,0,5,2016-12-16 13:56:11,0.31542461005199307,0,1,0,0,1,4
BHMBCCMKT01,577,190,0,7,2016-12-16 14:30:10,0.3292894280762565,1,0,0,0,2,4
BHMBCCMKT01,577,187,0,5,2016-12-16 14:56:11,0.3240901213171577,0,1,0,0,1,4
BHMBCCMKT01,577,193,0,2,2016-12-16 15:30:10,0.3344887348353553,0,1,0,0,0,4
BHMBCCMKT01,577,168,0,3,2016-12-16 16:03:11,0.29116117850953205,0,1,0,0,0,4
BHMBCCMKT01,577,137,0,2,2016-12-16 16:30:12,0.23743500866551126,0,0,0,1,0,4
BHMBCCMKT01,577,17,0,1,2016-12-17 07:59:15,0.029462738301559793,0,0,1,0,0,5
BHMBCCMKT01,577,26,0,1,2016-12-17 08:26:15,0.045060658578856154,0,1,0,0,0,5
BHMBCCMKT01,577,51,0,2,2016-12-17 09:00:13,0.08838821490467938,0,1,0,0,0,5
BHMBCCMKT01,577,82,0,3,2016-12-17 09:26:17,0.14211438474870017,0,1,0,0,1,5
BHMBCCMKT01,577,129,0,3,2016-12-17 09:59:17,0.22357019064124783,1,0,0,0,0,5
BHMBCCMKT01,577,171,0,4,2016-12-17 10:33:17,0.29636048526863085,0,1,0,0,1,5
BHMBCCMKT01,577,215,0,6,2016-12-17 11:00:17,0.37261698440207974,0,1,0,0,1,5
BHMBCCMKT01,577,263,0,6,2016-12-17 11:33:16,0.4558058925476603,0,1,0,0,1,5
BHMBCCMKT01,577,304,0,10,2016-12-17 12:00:17,0.5268630849220104,1,0,0,0,2,5
BHMBCCMKT01,577,337,0,10,2016-12-17 12:26:17,0.584055459272097,0,1,0,0,2,5
BHMBCCMKT01,577,353,0,9,2016-12-17 13:00:18,0.6117850953206239,1,0,0,0,2,5
BHMBCCMKT01,577,378,0,10,2016-12-17 13:27:17,0.6551126516464472,0,1,0,0,2,5
BHMBCCMKT01,577,417,0,6,2016-12-17 14:00:17,0.7227036395147314,1,0,0,0,1,5
BHMBCCMKT01,577,440,0,8,2016-12-17 14:30:19,0.7625649913344887,0,1,0,0,2,5
BHMBCCMKT01,577,443,0,3,2016-12-17 15:03:18,0.7677642980935875,0,1,0,0,0,5
BHMBCCMKT01,577,415,0,4,2016-12-17 15:30:19,0.7192374350086655,0,1,0,0,1,5
BHMBCCMKT01,577,379,0,5,2016-12-17 15:57:15,0.6568457538994801,1,0,0,0,1,5
BHMBCCMKT01,577,356,0,3,2016-12-17 16:30:16,0.6169844020797227,0,1,0,0,0,5
BHMBCCMKT01,577,4,1,2,2016-12-18 08:03:24,0.006932409012131715,0,1,0,0,0,6
BHMBCCMKT01,577,4,1,1,2016-12-18 08:30:20,0.006932409012131715,0,1,0,0,0,6
BHMBCCMKT01,577,6,1,1,2016-12-18 08:56:20,0.010398613518197574,0,0,0,1,0,6
BHMBCCMKT01,577,8,1,1,2016-12-18 09:30:21,0.01386481802426343,0,0,1,0,0,6
BHMBCCMKT01,577,18,1,2,2016-12-18 09:56:24,0.03119584055459272,0,1,0,0,0,6
BHMBCCMKT01,577,44,1,7,2016-12-18 10:30:23,0.07625649913344887,0,0,1,0,2,6
BHMBCCMKT01,577,89,1,8,2016-12-18 11:03:25,0.15424610051993068,0,1,0,0,1,6
BHMBCCMKT01,577,135,1,9,2016-12-18 11:30:22,0.2339688041594454,1,0,0,0,1,6
BHMBCCMKT01,577,165,1,13,2016-12-18 12:03:23,0.28596187175043325,0,1,0,0,2,6
BHMBCCMKT01,577,193,1,9,2016-12-18 12:30:25,0.3344887348353553,0,1,0,0,1,6
BHMBCCMKT01,577,215,1,13,2016-12-18 12:56:26,0.37261698440207974,0,1,0,0,2,6
BHMBCCMKT01,577,258,1,9,2016-12-18 13:30:26,0.44714038128249567,0,1,0,0,1,6
BHMBCCMKT01,577,309,1,7,2016-12-18 14:03:26,0.5355285961871751,0,1,0,0,1,6
BHMBCCMKT01,577,310,1,6,2016-12-18 14:30:27,0.537261698440208,0,1,0,0,1,6
BHMBCCMKT01,577,303,1,8,2016-12-18 14:56:25,0.5251299826689775,0,0,1,0,1,6
BHMBCCMKT01,577,293,1,6,2016-12-18 15:30:24,0.5077989601386482,0,1,0,0,0,6
BHMBCCMKT01,577,247,1,4,2016-12-18 16:03:27,0.42807625649913345,1,0,0,0,0,6
BHMBCCMKT01,577,206,1,4,2016-12-18 16:30:25,0.35701906412478335,0,1,0,0,0,6
BHMBCCMKT01,577,11,0,1,2016-12-19 08:03:29,0.019064124783362217,0,1,0,0,0,0
BHMBCCMKT01,577,17,0,1,2016-12-19 08:30:28,0.029462738301559793,0,1,0,0,0,0
BHMBCCMKT01,577,24,0,2,2016-12-19 09:03:33,0.0415944540727903,0,0,1,0,0,0
BHMBCCMKT01,577,40,0,2,2016-12-19 09:30:30,0.06932409012131716,0,1,0,0,1,0
BHMBCCMKT01,577,57,0,2,2016-12-19 09:56:32,0.09878682842287695,0,0,0,1,0,0
BHMBCCMKT01,577,97,0,4,2016-12-19 10:30:33,0.1681109185441941,0,1,0,0,1,0
BHMBCCMKT01,577,134,0,5,2016-12-19 11:03:31,0.2322357019064125,0,1,0,0,1,0
BHMBCCMKT01,577,175,0,7,2016-12-19 11:30:30,0.30329289428076256,0,1,0,0,1,0
BHMBCCMKT01,577,216,0,10,2016-12-19 12:03:32,0.37435008665511266,1,0,0,0,2,0
BHMBCCMKT01,577,249,0,10,2016-12-19 12:30:32,0.43154246100519933,0,1,0,0,2,0
BHMBCCMKT01,577,277,0,10,2016-12-19 13:03:30,0.4800693240901213,0,1,0,0,2,0
BHMBCCMKT01,577,291,0,9,2016-12-19 13:30:35,0.5043327556325823,1,0,0,0,2,0
BHMBCCMKT01,577,305,0,5,2016-12-19 14:03:31,0.5285961871750433,1,0,0,0,1,0
BHMBCCMKT01,577,309,0,5,2016-12-19 14:30:33,0.5355285961871751,1,0,0,0,1,0
BHMBCCMKT01,577,300,0,4,2016-12-19 15:03:34,0.5199306759098787,0,1,0,0,0,0
BHMBCCMKT01,577,274,0,3,2016-12-19 15:29:33,0.4748700173310225,0,0,0,1,0,0
BHMBCCMKT01,577,230,0,2,2016-12-19 16:03:35,0.3986135181975737,0,0,1,0,0,0
BHMBCCMKT01,577,193,0,3,2016-12-19 16:30:35,0.3344887348353553,0,1,0,0,0,0
